title	autor	price	disponibility	link
One Piece Tome 104	Eiichirô Oda	6,99 €	Neuf - En stock	https://www.decitre.fr/livres/one-piece-tome-104-9782344052174.html
Les apprentis sorciers. Tout ce que l'on vous cache sur l'ARN messager	Alexandra Henrion Caude	16,90 €	Neuf - En stock	https://www.decitre.fr/livres/les-apprentis-sorciers-9782226482631.html
Un oeil dans la nuit	Bernard Minier	22,90 €	Neuf - En stock	https://www.decitre.fr/livres/un-oeil-dans-la-nuit-9782374484976.html
Le journal des bizarres	Mr Tan, Diane Le Feyer	15,95 €	Neuf - En stock	https://www.decitre.fr/livres/le-journal-des-bizarres-9782494678002.html
Pagny par Florent	Florent Pagny	24,50 €	Neuf - En stock	https://www.decitre.fr/livres/pagny-par-florent-9782213721064.html
Lucia	Bernard Minier	9,20 €	Neuf - En stock	https://www.decitre.fr/livres/lucia-9782266332200.html
Avant Blake et Mortimer Tome 2La flèche ardente	Jean Van Hamme, Christian Cailleaux, Etienne Schréder	16,50 €	Neuf - En stock	https://www.decitre.fr/livres/avant-blake-et-mortimer-tome-2-la-fleche-ardente-9782870973110.html
Trois vies par semaine	Michel Bussi	22,90 €	Neuf - En stock	https://www.decitre.fr/livres/trois-vies-par-semaine-9782258204737.html
Dans les brumes de Capelans	Olivier Norek	9,20 €	Neuf - En stock	https://www.decitre.fr/livres/dans-les-brumes-de-capelans-9782266332132.html
Je n'ai pas dit mon dernier mot	Eric Zemmour	21,90 €	Neuf - En stock	https://www.decitre.fr/livres/je-n-ai-pas-dit-mon-dernier-mot-9782957930524.html
Nouvelle Babel	Michel Bussi	9,20 €	Neuf - Expédié sous 3 à 6 jours	https://www.decitre.fr/livres/nouvelle-babel-9782266329439.html
Le défi de Jérusalem	Eric-Emmanuel Schmitt	19,90 €	Neuf - En stock	https://www.decitre.fr/livres/le-defi-de-jerusalem-9782226450241.html
Intuitio	Laurent Gounelle	9,40 €	Neuf - En stock	https://www.decitre.fr/livres/intuitio-9782253071440.html
My Hero Academia Tome 35Battle flame	Kohei Horikoshi	6,95 €	Neuf - En stock	https://www.decitre.fr/livres/my-hero-academia-tome-35-battle-flame-9791032713006.html
Les pierres du cauchemar Tome 2	Dooms,  Sora,  Dreamy	11,50 €	Neuf - En stock	https://www.decitre.fr/livres/les-pierres-du-cauchemar-tome-2-9782344051931.html
Le bureau des affaires occultes Tome 2Le fantôme du vicaire	Eric Fouassier	9,40 €	Neuf - En stock	https://www.decitre.fr/livres/le-bureau-des-affaires-occultes-tome-2-le-fantome-du-vicaire-9782253244028.html
Chainsaw Man Tome 12	Tatsuki Fujimoto	7,29 €	Neuf - En stock	https://www.decitre.fr/livres/chainsaw-man-tome-12-9782820343697.html
Hunter X Hunter Tome 37	Yoshihiro Togashi	6,95 €	Neuf - En stock	https://www.decitre.fr/livres/hunter-x-hunter-tome-37-9782505085034.html
La mariée portait des bottes jaunes	Katherine Pancol	24,90 €	Neuf - En stock	https://www.decitre.fr/livres/la-mariee-portait-des-bottes-jaunes-9782226475756.html
Blue Lock Tome 13	Muneyuki Kaneshiro, Yusuke Nomura	7,20 €	Neuf - En stock	https://www.decitre.fr/livres/blue-lock-tome-13-9782811677183.html
One Piece Tome 104	Eiichirô Oda	6,99 €	Neuf - En stock	https://www.decitre.fr/livres/one-piece-tome-104-9782344052174.html
Les apprentis sorciers. Tout ce que l'on vous cache sur l'ARN messager	Alexandra Henrion Caude	16,90 €	Neuf - En stock	https://www.decitre.fr/livres/les-apprentis-sorciers-9782226482631.html
Un oeil dans la nuit	Bernard Minier	22,90 €	Neuf - En stock	https://www.decitre.fr/livres/un-oeil-dans-la-nuit-9782374484976.html
Le journal des bizarres	Mr Tan, Diane Le Feyer	15,95 €	Neuf - En stock	https://www.decitre.fr/livres/le-journal-des-bizarres-9782494678002.html
Pagny par Florent	Florent Pagny	24,50 €	Neuf - En stock	https://www.decitre.fr/livres/pagny-par-florent-9782213721064.html
Lucia	Bernard Minier	9,20 €	Neuf - En stock	https://www.decitre.fr/livres/lucia-9782266332200.html
Avant Blake et Mortimer Tome 2La flèche ardente	Jean Van Hamme, Christian Cailleaux, Etienne Schréder	16,50 €	Neuf - En stock	https://www.decitre.fr/livres/avant-blake-et-mortimer-tome-2-la-fleche-ardente-9782870973110.html
Trois vies par semaine	Michel Bussi	22,90 €	Neuf - En stock	https://www.decitre.fr/livres/trois-vies-par-semaine-9782258204737.html
Dans les brumes de Capelans	Olivier Norek	9,20 €	Neuf - En stock	https://www.decitre.fr/livres/dans-les-brumes-de-capelans-9782266332132.html
Je n'ai pas dit mon dernier mot	Eric Zemmour	21,90 €	Neuf - En stock	https://www.decitre.fr/livres/je-n-ai-pas-dit-mon-dernier-mot-9782957930524.html
Nouvelle Babel	Michel Bussi	9,20 €	Neuf - Expédié sous 3 à 6 jours	https://www.decitre.fr/livres/nouvelle-babel-9782266329439.html
Le défi de Jérusalem	Eric-Emmanuel Schmitt	19,90 €	Neuf - En stock	https://www.decitre.fr/livres/le-defi-de-jerusalem-9782226450241.html
Intuitio	Laurent Gounelle	9,40 €	Neuf - En stock	https://www.decitre.fr/livres/intuitio-9782253071440.html
My Hero Academia Tome 35Battle flame	Kohei Horikoshi	6,95 €	Neuf - En stock	https://www.decitre.fr/livres/my-hero-academia-tome-35-battle-flame-9791032713006.html
Les pierres du cauchemar Tome 2	Dooms,  Sora,  Dreamy	11,50 €	Neuf - En stock	https://www.decitre.fr/livres/les-pierres-du-cauchemar-tome-2-9782344051931.html
Le bureau des affaires occultes Tome 2Le fantôme du vicaire	Eric Fouassier	9,40 €	Neuf - En stock	https://www.decitre.fr/livres/le-bureau-des-affaires-occultes-tome-2-le-fantome-du-vicaire-9782253244028.html
Chainsaw Man Tome 12	Tatsuki Fujimoto	7,29 €	Neuf - En stock	https://www.decitre.fr/livres/chainsaw-man-tome-12-9782820343697.html
Hunter X Hunter Tome 37	Yoshihiro Togashi	6,95 €	Neuf - En stock	https://www.decitre.fr/livres/hunter-x-hunter-tome-37-9782505085034.html
La mariée portait des bottes jaunes	Katherine Pancol	24,90 €	Neuf - En stock	https://www.decitre.fr/livres/la-mariee-portait-des-bottes-jaunes-9782226475756.html
Blue Lock Tome 13	Muneyuki Kaneshiro, Yusuke Nomura	7,20 €	Neuf - En stock	https://www.decitre.fr/livres/blue-lock-tome-13-9782811677183.html
Désenchantées	Marie Vareille	8,90 €	Neuf - En stock	https://www.decitre.fr/livres/desenchantees-9782253244431.html
One-Punch Man Tome 26Menace inconnue	Yusuke Murata	7,20 €	Neuf - En stock	https://www.decitre.fr/livres/one-punch-man-tome-26-menace-inconnue-9782380711301.html
Jujutsu Kaisen Tome 19Tokyo 1. Un homme en colère	Gege Akutami	6,95 €	Neuf - En stock	https://www.decitre.fr/livres/jujutsu-kaisen-tome-19-tokyo-1-9791032712993.html
Conte de fées	Stephen King	24,90 €	Neuf - En stock	https://www.decitre.fr/livres/conte-de-fees-9782226475534.html
Le mur des silences	Arnaldur Indridason	8,50 €	Neuf - En stock	https://www.decitre.fr/livres/le-mur-des-silences-9782757899939.html
Chainsaw Man Tome 12Coffret avec 1 planche de stickers, 1 porte-carte et 2 ex-libris -  -  Edition limitée	Tatsuki Fujimoto	12,99 €	Neuf - Expédié sous 3 à 6 jours	https://www.decitre.fr/livres/chainsaw-man-tome-12-9782820346636.html
Elles Tome 3Plurielle(s)	Kid Toussaint, Aveline Stokart	13,45 €	Neuf - En stock	https://www.decitre.fr/livres/elles-tome-3-plurielle-s-9782808206181.html
9 Tome 3Noa	Marc Levy	8,60 €	Neuf - En stock	https://www.decitre.fr/livres/9-tome-3-noa-9782266325301.html
Kaiju n°8 Tome 8	Naoya Matsumoto	6,99 €	Neuf - En stock	https://www.decitre.fr/livres/kaiju-n-8-tome-8-9782820347343.html
Mashle Tome 13Rayne Ames et le redoutable hallebardier	Hajime Komoto	6,99 €	Neuf - En stock	https://www.decitre.fr/livres/mashle-tome-13-rayne-ames-et-le-redoutable-hallebardier-9782820346001.html
Kaiju n°8 Tome 8	Naoya Matsumoto	6,99 €	Neuf - En stock	https://www.decitre.fr/livres/kaiju-n-8-tome-8-9782820346018.html
Fairy Tail. Jeux de vacances. De la 6e à la 5e	Elisabeth Raoul	6,50 €	Neuf - En stock	https://www.decitre.fr/livres/fairy-tail-9782017148654.html
Ici et seulement ici	Christelle Dabos	15,50 €	Neuf - En stock	https://www.decitre.fr/livres/ici-et-seulement-ici-9782075187893.html
La princesse au petit moi. Les énigmes d'Aurel le Consul	Jean-Christophe Rufin	9,20 €	Neuf - En stock	https://www.decitre.fr/livres/la-princesse-au-petit-moi-9782073003317.html
Les éclats	Bret Easton Ellis	26,00 €	Neuf - En stock	https://www.decitre.fr/livres/les-eclats-9782221267325.html
Tsunami	Marc Dugain	21,90 €	Neuf - En stock	https://www.decitre.fr/livres/tsunami-9782226478108.html
Blue Lock - Episode Nagi Tome 1	Muneyuki Kaneshiro, Kōta Sannomiya, Yusuke Nomura	7,20 €	Neuf - En stock	https://www.decitre.fr/livres/blue-lock-episode-nagi-tome-1-9782811679804.html
Le chat qui voulait sauver les livres	Sosuke Natsukawa	7,70 €	Neuf - En stock	https://www.decitre.fr/livres/le-chat-qui-voulait-sauver-les-livres-9782266320894.html
Jeux de vacances Fairy Tail. Du CM2 à la 6e	Elisabeth Raoul	6,50 €	Neuf - En stock	https://www.decitre.fr/livres/jeux-de-vacances-fairy-tail-9782017148647.html
Les loups du millénaire Tome 1	Sapir A. Englard	18,00 €	Neuf - En stock	https://www.decitre.fr/livres/les-loups-du-millenaire-tome-1-9782755663372.html
Le passager	Cormac McCarthy	24,50 €	Neuf - En stock	https://www.decitre.fr/livres/le-passager-9782823619676.html
Sarà Perché ti amo	Serena Giuliano	8,40 €	Neuf - En stock	https://www.decitre.fr/livres/sara-perche-ti-amo-9782253941088.html
Le guide Michelin France Edition 2023	Michelin	29,00 €	Neuf - En stock	https://www.decitre.fr/livres/le-guide-michelin-france-9782067257412.html
Merci, Grazie, Thank you	Julien Sandrel	8,90 €	Neuf - En stock	https://www.decitre.fr/livres/merci-grazie-thank-you-9782253244530.html
L'attaque des titans Tome 1Edition Anniversaire	Hajime Isayama	9,50 €	Neuf - En stock	https://www.decitre.fr/livres/l-attaque-des-titans-tome-1-edition-anniversaire-9782811679811.html
Se donner toutes les chances	Natacha Calestrémé	21,90 €	Neuf - En stock	https://www.decitre.fr/livres/se-donner-toutes-les-chances-9782226480545.html
Toilet-bound Hanako-Kun Tome 12Avec un jeu de cartes -  -  Edition collector	AidaIro	16,70 €	Neuf - En stock	https://www.decitre.fr/livres/toilet-bound-hanako-kun-tome-12-avec-un-jeu-de-cartes-9782811674618.html
Fairy Tail. Jeux de vacances. Du CM1 au CM2	Hélène Vocanson	6,50 €	Neuf - En stock	https://www.decitre.fr/livres/fairy-tail-9782017148630.html
Le sang et la cendre Tome 3La couronne d'os dorés -  -  Edition collector	Jennifer-L Armentrout	25,90 €	Neuf - En stock	https://www.decitre.fr/livres/le-sang-et-la-cendre-tome-3-la-couronne-d-os-dores-9782378762490.html
La saga des Cazalet Tome 3Confusion	Elizabeth Jane Howard	10,20 €	Neuf - En stock	https://www.decitre.fr/livres/la-saga-des-cazalet-tome-3-confusion-9782073003218.html
Sakamoto Days Tome 7	Yuto Suzuki	6,99 €	Neuf - En stock	https://www.decitre.fr/livres/sakamoto-days-tome-7-9782344054208.html
Un jour de nuit tombée Edition collector	Samantha Shannon	31,90 €	Neuf - En stock	https://www.decitre.fr/livres/un-jour-de-nuit-tombee-9782378762629.html
Dr Stone Tome 24	Riichiro Inagaki,  Boichi	6,99 €	Neuf - En stock	https://www.decitre.fr/livres/dr-stone-tome-24-9782344056967.html
Un Coup de Soleil	Serena Giuliano	18,90 €	Neuf - En stock	https://www.decitre.fr/livres/un-coup-de-soleil-9782221264478.html
La Grande Confrontation. Comment Poutine fait la guerre à nos démocraties	Raphaël Glucksmann	19,90 €	Neuf - En stock	https://www.decitre.fr/livres/la-grande-confrontation-9782370734532.html
Code du travail. Annoté. Commenté en ligne Edition 2023	Christophe Radé, Caroline Dechristé, Magali Gadrat	76,00 €	Neuf - En stock	https://www.decitre.fr/livres/code-du-travail-9782247222629.html
Black Clover Tome 33	Yûki Tabata	6,89 €	Neuf - En stock	https://www.decitre.fr/livres/black-clover-tome-33-9782820343987.html
Anima. Vie et mort de l'âme	Michel Onfray	22,90 €	Neuf - En stock	https://www.decitre.fr/livres/anima-9782226448446.html
Le Mystère Soline Tome 3Un chalet sous la neige	Marie-Bernadette Dupuy	9,90 €	Neuf - En stock	https://www.decitre.fr/livres/le-mystere-soline-tome-3-un-chalet-sous-la-neige-9782253938859.html
Animal Crossing : New Horizons - Le journal de l'île Tome 3	Kokonasu Rumba	7,99 €	Neuf - En stock	https://www.decitre.fr/livres/animal-crossing-new-horizons-le-journal-de-l-ile-tome-3-9782302097629.html
Grandeur nature	Erri De Luca	18,00 €	Neuf - En stock	https://www.decitre.fr/livres/grandeur-nature-9782072966491.html
Je m'appelais Franck	Vincent Lagaf'	21,90 €	Neuf - En stock	https://www.decitre.fr/livres/je-m-appelais-franck-9782374485249.html
Demon Slayer School Days Tome 1Les retards sont strictement interdits !	Matsuki Hokami	7,29 €	Neuf - En stock	https://www.decitre.fr/livres/demon-slayer-school-days-tome-1-les-retards-sont-strictement-interdits-9791039115421.html
Ces choses qu'on n'oublie pas	Lucy Score	19,95 €	Neuf - En stock	https://www.decitre.fr/livres/ces-choses-qu-on-n-oublie-pas-9782749953632.html
Fullmetal Alchemist Perfect Tome 14	Hiromu Arakawa	11,95 €	Neuf - En stock	https://www.decitre.fr/livres/fullmetal-alchemist-perfect-tome-14-9782380714876.html
La petite fille sous la neige	Javier Castillo	21,90 €	Neuf - En stock	https://www.decitre.fr/livres/la-petite-fille-sous-la-neige-9782226478498.html
Où va notre argent ?. Des dépenses qui explosent, des services publics qui s'effondrent : le scandale français	Agnès Verdier-Molinié	20,00 €	Neuf - En stock	https://www.decitre.fr/livres/ou-va-notre-argent-des-depenses-qui-explosent-des-services-publics-qui-s-effondrent-le-scandale-francais-9791032926055.html
Le labyrinthe des femmes	Coline Gatel	9,70 €	Neuf - En stock	https://www.decitre.fr/livres/le-labyrinthe-des-femmes-9782253941477.html
Fairy Tail Jeux de vacances du CE2 au CM1	Adeline Di Vito	6,50 €	Neuf - En stock	https://www.decitre.fr/livres/fairy-tail-jeux-de-vacances-du-ce2-au-cm1-9782017148623.html
La saga d'Auren Tome 2Glint	Raven Kennedy	19,95 €	Neuf - En stock	https://www.decitre.fr/livres/la-saga-d-auren-tome-2-glint-9782755664379.html
La chair est triste hélas	Ovidie	18,00 €	Neuf - En stock	https://www.decitre.fr/livres/la-chair-est-triste-helas-9782260055211.html
Sois jeune et tais-toi. Réponse à ceux qui critiquent la jeunesse	Salomé Saqué	19,90 €	Neuf - En stock	https://www.decitre.fr/livres/sois-jeune-et-tais-toi-9782228931632.html
Frieren Tome 7	Kanehito Yamada, Tsukasa Abe	7,95 €	Neuf - En stock	https://www.decitre.fr/livres/frieren-tome-7-9791032713105.html
Les partisans. Kessel et Druon, une histoire de famille	Dominique Bona	24,00 €	Neuf - En stock	https://www.decitre.fr/livres/les-partisans-9782073015549.html
Les poupées	Alexis Laipsker	8,60 €	Neuf - En stock	https://www.decitre.fr/livres/les-poupees-9782266331319.html
Reconquérir le sacré	Sonia Mabrouk	19,00 €	Neuf - En stock	https://www.decitre.fr/livres/reconquerir-le-sacre-9791032924518.html
Léonard de Vinci et l'arme diabolique. Escape game adultes	Arnaud Cebollada	6,90 €	Neuf - En stock	https://www.decitre.fr/livres/leonard-de-vinci-et-l-arme-diabolique-9782017222477.html
Le Prieuré de l'Oranger	Samantha Shannon	29,90 €	Neuf - Expédié sous 3 à 6 jours	https://www.decitre.fr/livres/le-prieure-de-l-oranger-9782378762728.html
125 et des milliers	Sarah Barukh	20,00 €	Neuf - En stock	https://www.decitre.fr/livres/125-et-des-milliers-9791033912873.html
Sidérations	Richard Powers	8,90 €	Neuf - En stock	https://www.decitre.fr/livres/siderations-9782264079909.html
La Félicité du loup	Paolo Cognetti	7,70 €	Neuf - En stock	https://www.decitre.fr/livres/la-felicite-du-loup-9782253937555.html
Given Tome 7	Natsuki Kizu	9,35 €	Neuf - En stock	https://www.decitre.fr/livres/given-tome-7-9782375063316.html
Mamma Roma	Luca Di Fulvio	10,30 €	Neuf - En stock	https://www.decitre.fr/livres/mamma-roma-9782266327459.html
Frontier. Explore - Expand - Escape	Guillaume Singelin	21,90 €	Neuf - En stock	https://www.decitre.fr/livres/frontier-9782810203161.html
Confessions d'un hétérosexuel légèrement dépassé	Frédéric Beigbeder	19,90 €	Neuf - En stock	https://www.decitre.fr/livres/confessions-d-un-heterosexuel-legerement-depasse-9782226478382.html
Furious Jumper Tome 1La vidéo de tous les dangers !. 48h de la BD 2023 -  -  Edition limitée	Jean-Christophe Derrien,  Furious Jumper	3,00 €	Neuf - En stock	https://www.decitre.fr/livres/furious-jumper-tome-1-la-video-de-tous-les-dangers-48h-de-la-bd-2023-edition-limitee-9782302099944.html
Reste	Adeline Dieudonné	20,00 €	Neuf - En stock	https://www.decitre.fr/livres/reste-9782378803544.html
Le fils de l'homme	Jean-Baptiste Del Amo	8,70 €	Neuf - En stock	https://www.decitre.fr/livres/le-fils-de-l-homme-9782073002563.html
Le peuple de l'air Tome 2Le roi maléfique	Holly Black	23,90 €	Neuf - En stock	https://www.decitre.fr/livres/le-peuple-de-l-air-tome-2-le-roi-malefique-9782700280883.html
Wakfu Tome 1La quête des Dofus Eliatropes. 48h de la BD 2023 -  -  Edition limitée	Tot,  Azra, Saïd Sassine	3,00 €	Neuf - En stock	https://www.decitre.fr/livres/wakfu-tome-1-la-quete-des-dofus-eliatropes-9791033517252.html
Le nageur	Pierre Assouline	20,00 €	Neuf - En stock	https://www.decitre.fr/livres/le-nageur-9782072985393.html
Chaque jour se réinventer. Les leçons d'une vie : le président de l'Olympique Lyonnais se confie	Jean-Michel Aulas	20,00 €	Neuf - En stock	https://www.decitre.fr/livres/chaque-jour-se-reinventer-9782234092549.html
Assoiffés Tome 5Empoisonnés	Tracy Wolff	19,90 €	Neuf - En stock	https://www.decitre.fr/livres/assoiffes-tome-5-empoisonnes-9782266331623.html
Le sang et la cendre Tome 3La couronne d'os dorés	Jennifer L. Armentrout	20,90 €	Neuf - En stock	https://www.decitre.fr/livres/le-sang-et-la-cendre-tome-3-la-couronne-d-os-dores-9782378762506.html
Victor Hugo en BD. 48h de la BD 2023 Edition limitée	Christophe Renault	3,00 €	Neuf - En stock	https://www.decitre.fr/livres/victor-hugo-en-bd-9782380461602.html
Le dernier souffle. Accompagner la fin de vie	Claude Grange	13,50 €	Neuf - En stock	https://www.decitre.fr/livres/le-dernier-souffle-9782073021168.html
Les filles qui mentent	Eva Björg Aegisdottir	8,90 €	Neuf - En stock	https://www.decitre.fr/livres/les-filles-qui-mentent-9782757898918.html
Le droit au pardon	John Grisham	22,90 €	Neuf - En stock	https://www.decitre.fr/livres/le-droit-au-pardon-9782709667814.html
Elle et son chat	Makoto Shinkai, Naruki Nagakawa	7,90 €	Neuf - En stock	https://www.decitre.fr/livres/elle-et-son-chat-9782368128978.html
Perfect world Tome 148h de la BD 2023 -  -  Edition limitée	Rie Aruga	3,00 €	Neuf - En stock	https://www.decitre.fr/livres/perfect-world-tome-1-48h-de-la-bd-2023-9782382126011.html
Ayati Tome 1La légende des cinq pétales. 48h de la BD 2023 -  -  Edition limitée	Fabien Fernandez, Sandra Violeau	3,00 €	Neuf - En stock	https://www.decitre.fr/livres/ayati-tome-1-la-legende-des-cinq-petales-9782822240970.html
Le Rayon U	Edgar Pierre Jacobs	16,50 €	Neuf - En stock	https://www.decitre.fr/livres/le-rayon-u-9782870973028.html
Dissident club. Chronique d'un journaliste pakistanais exilé en France	Taha Siddiqui, Hubert Maury	29,00 €	Neuf - En stock	https://www.decitre.fr/livres/dissident-club-9782344042717.html
Fairy Tail - La grande aventure de Happy Tome 148h de la BD 2023 -  -  Edition limitée	Kenshiro Sakamoto	3,00 €	Neuf - En stock	https://www.decitre.fr/livres/fairy-tail-la-grande-aventure-de-happy-tome-1-9782373499872.html
Toilet-bound Hanako-Kun Tome 12	AidaIro	7,70 €	Neuf - En stock	https://www.decitre.fr/livres/toilet-bound-hanako-kun-tome-12-9782811664312.html
Lightlark Tome 1	Alex Aster	17,00 €	Neuf - En stock	https://www.decitre.fr/livres/lightlark-tome-1-9782371023703.html
Le code du travail annoté Edition 2023	Paul-Henri Antonmattei	69,00 €	Neuf - En stock	https://www.decitre.fr/livres/le-code-du-travail-annote-9782757908587.html
Neon Genesis Evangelion Tome 5Perfect Edition	Yoshiyuki Sadamoto	14,95 €	Neuf - En stock	https://www.decitre.fr/livres/neon-genesis-evangelion-tome-5-perfect-edition-9782344048672.html
La librairie des rêves ensevelis	Madeline Martin	8,60 €	Neuf - En stock	https://www.decitre.fr/livres/la-librairie-des-reves-ensevelis-9782290373637.html
Le soleil de minuit Partie 2	Lylyblabla	7,90 €	Neuf - Expédié sous 3 à 6 jours	https://www.decitre.fr/livres/le-soleil-de-minuit-partie-2-9782755663891.html
Europa Tome 1La lune de glace. 48h de la BD 2023 -  -  Edition limitée	Rodolphe,  Leo, Zoran Janjetov	3,00 €	Neuf - En stock	https://www.decitre.fr/livres/europa-tome-1-la-lune-de-glace-9782413079002.html
Hurlements	Alexis Laipsker	19,95 €	Neuf - En stock	https://www.decitre.fr/livres/hurlements-9782749952482.html
Les mémoires de Vanitas Tome 10Avec 1 jaquette alternative réversible et 1 recueil d'illustrations inédites -  -  Edition collector	Jun Mochizuki	11,30 €	Neuf - En stock	https://www.decitre.fr/livres/les-memoires-de-vanitas-tome-10-9791032713099.html
On peut rire de tout  ! sauf en mangeant de la semoule	Michel Denisot	17,90 €	Neuf - Expédié sous 3 à 6 jours	https://www.decitre.fr/livres/on-peut-rire-de-tout-sauf-en-mangeant-de-la-semoule-9782259312684.html
L'étrange traversée du Saardam	Stuart Turton	10,10 €	Neuf - En stock	https://www.decitre.fr/livres/l-etrange-traversee-du-saardam-9782264081186.html
Sakura, Saku Tome 1	Io Sakisaka	6,95 €	Neuf - En stock	https://www.decitre.fr/livres/sakura-saku-tome-1-9782505116639.html
Valhallian the Black Iron Tome 2	Toshimitsu Matsubara	7,95 €	Neuf - En stock	https://www.decitre.fr/livres/valhallian-the-black-iron-tome-2-9791032712955.html
N.E.O. Tome 1La chute du soleil de fer. 48h de la BD 2023 -  -  Edition limitée	Maxe L'Hermenier,  Djet, Marcello De Martino	3,00 €	Neuf - En stock	https://www.decitre.fr/livres/n-e-o-9782822240987.html
I'm Not Your Soulmate Tome 2The Perfect Love	Lyla Mars	17,90 €	Neuf - En stock	https://www.decitre.fr/livres/i-m-not-your-soulmate-tome-2-the-perfect-love-9782280480482.html
Le Déversoir. Poèmes minute	Arthur Teboul	18,00 €	Neuf - En stock	https://www.decitre.fr/livres/le-deversoir-9782232146626.html
La vie secrète des arbres. Ce qu'ils ressentent, comment ils communiquent, un monde inconnu s'offre à nous	Peter Wohlleben	8,90 €	Neuf - Expédié sous 3 à 6 jours	https://www.decitre.fr/livres/la-vie-secrete-des-arbres-9782493909299.html
Hamish Macbeth Tome 17La rançon de la gloire	M-C Beaton	14,90 €	Neuf - En stock	https://www.decitre.fr/livres/hamish-macbeth-tome-17-la-rancon-de-la-gloire-9782226460165.html
America[s	Ludovic Manchette, Christian Niemiec	8,30 €	Neuf - En stock	https://www.decitre.fr/livres/america-s-9782266329330.html
Le Goût de nos rêves	Emma Green	18,00 €	Neuf - En stock	https://www.decitre.fr/livres/le-gout-de-nos-reves-9782371265608.html
Il était une fois en France Tome 1L'empire de Monsieur Joseph. 48h de la BD 2023 -  -  Edition limitée	Fabien Nury, Sylvain Vallée	3,00 €	Neuf - En stock	https://www.decitre.fr/livres/il-etait-une-fois-en-france-tome-1-l-empire-de-monsieur-joseph-9782344058121.html
Fairy Tail - 100 years quest Tome 13	Hiro Mashima, Atsuo Ueda	7,20 €	Neuf - Expédié sous 3 à 6 jours	https://www.decitre.fr/livres/fairy-tail-100-years-quest-tome-13-9782811679385.html
Les Terres d'Arran : Guerres d'Arran Tome 1La compagnie des bannis	Jean-Luc Istin, Brice Cossu	16,95 €	Neuf - En stock	https://www.decitre.fr/livres/les-terres-d-arran-guerres-d-arran-tome-1-la-compagnie-des-bannis-9782302092129.html
Jeux de vacances Fairy Tail. Du CE1 au CE2	Marion Fallot	6,50 €	Neuf - En stock	https://www.decitre.fr/livres/jeux-de-vacances-fairy-tail-9782017148616.html
Mémoires de la forêt Tome 2Les carnets de Cornélius Renard	Mickaël Brun-Arnaud	14,50 €	Neuf - En stock	https://www.decitre.fr/livres/memoires-de-la-foret-tome-2-les-carnets-de-cornelius-renard-9782211321174.html
Douleurs, Soins palliatifs, Deuils, Ethique. Réussir son DFASM - Connaissances clés3e édition	Alain de Broca	33,00 €	Neuf - En stock	https://www.decitre.fr/livres/douleurs-soins-palliatifs-deuils-ethique-9782294774775.html
Hamish Macbeth Tome 18Une retraite en or	M-C Beaton	14,90 €	Neuf - En stock	https://www.decitre.fr/livres/hamish-macbeth-tome-18-une-retraite-en-or-9782226460172.html
Dandadan Tome 5	Yukinobu Tatsu	7,29 €	Neuf - En stock	https://www.decitre.fr/livres/dandadan-tome-5-9782820346049.html
BRZRKR Tome 1	Keanu Reeves, Matt Kindt, Ron Garney	16,95 €	Neuf - En stock	https://www.decitre.fr/livres/brzrkr-tome-1-9782413045144.html
La volonté du Roi Krogold. Suivi de La légende du roi René	Louis-Ferdinand Céline	22,00 €	Neuf - En stock	https://www.decitre.fr/livres/la-volonte-du-roi-krogold-9782072983276.html
Oh my Lord !	Emma Green	7,90 €	Neuf - En stock	https://www.decitre.fr/livres/oh-my-lord-9782371265448.html
Ce que disent les silences	Laure Manel	19,95 €	Neuf - En stock	https://www.decitre.fr/livres/ce-que-disent-les-silences-9782749949512.html
La colère et l'oubli. Les démocraties face au jihadisme européen	Hugo Micheron	24,00 €	Neuf - En stock	https://www.decitre.fr/livres/la-colere-et-l-oubli-9782072980725.html
Kuro Tome 1	So-ma-to	9,50 €	Neuf - En stock	https://www.decitre.fr/livres/kuro-tome-1-9782344056950.html
La reine des ombres	Tricia Levenseller	8,90 €	Neuf - En stock	https://www.decitre.fr/livres/la-reine-des-ombres-9782755664065.html
Les voisins	Danielle Steel	20,90 €	Neuf - En stock	https://www.decitre.fr/livres/les-voisins-9782258202788.html
Mon maître et mon vainqueur	François-Henri Désérable	8,10 €	Neuf - En stock	https://www.decitre.fr/livres/mon-maitre-et-mon-vainqueur-9782073003164.html
Le sens de nos pas	Claire Norton	8,60 €	Neuf - En stock	https://www.decitre.fr/livres/le-sens-de-nos-pas-9782266332231.html
Heureusement elle n'a pas souffert	Bruce Toussaint	19,00 €	Neuf - En stock	https://www.decitre.fr/livres/heureusement-elle-n-a-pas-souffert-9782234094673.html
Les 5 Terres : Cycle II - Lys Tome 10Réapprendre la peur	Lewelyn, Jérôme Lereculey	15,50 €	Neuf - En stock	https://www.decitre.fr/livres/les-5-terres-cycle-ii-lys-tome-10-reapprendre-la-peur-9782413043089.html
La Fille du Roi pirate	Tricia Levenseller	19,95 €	Neuf - En stock	https://www.decitre.fr/livres/la-fille-du-roi-pirate-9782755663617.html
Un jour de nuit tombée	Samantha Shannon	25,90 €	Neuf - En stock	https://www.decitre.fr/livres/un-jour-de-nuit-tombee-9782378762544.html
Par-delà la magie. Confessions d'un sorcier	Tom Felton	19,90 €	Neuf - En stock	https://www.decitre.fr/livres/par-dela-la-magie-9791028527716.html
Elden Ring : Le chemin vers l'Arbre-Monde Tome 1	Nikiichi Tobita	7,95 €	Neuf - En stock	https://www.decitre.fr/livres/elden-ring-le-chemin-vers-l-arbre-monde-tome-1-9791035503864.html
Jamais là par hasard	Lorraine Fouchet	21,00 €	Neuf - En stock	https://www.decitre.fr/livres/jamais-la-par-hasard-9782350878744.html
Il était une fois un coeur brisé Edition collector	Stephanie Garber	24,90 €	Neuf - En stock	https://www.decitre.fr/livres/il-etait-une-fois-un-coeur-brise-9782378762681.html
Trappeurs de rien Tome 1Caribou. 48h de la BD 2023 -  -  Edition limitée	Pog, Thomas Priou, Johann Corgié	3,00 €	Neuf - En stock	https://www.decitre.fr/livres/trappeurs-de-rien-tome-1-caribou-9782357960947.html
Le droit d'emmerder Dieu	Richard Malka	5,90 €	Neuf - En stock	https://www.decitre.fr/livres/le-droit-d-emmerder-dieu-9782757899885.html
La globalisation piteuse Tome 1Au commencement était la guerre	Alain Bauer	23,90 €	Neuf - En stock	https://www.decitre.fr/livres/la-globalisation-piteuse-tome-1-au-commencement-etait-la-guerre-9782213725802.html
Didier Raoult. Autobiographie	Didier Raoult	18,95 €	Neuf - En stock	https://www.decitre.fr/livres/didier-raoult-9782749952369.html
Le coeur en braille	Joris Chamblain, Pascal Ruter, Anne-Lise Nalin	16,50 €	Neuf - En stock	https://www.decitre.fr/livres/le-coeur-en-braille-9782205086638.html
Brume Tome 1Le réveil du dragon	Jérôme Pélissier	12,50 €	Neuf - En stock	https://www.decitre.fr/livres/brume-tome-1-le-reveil-du-dragon-9782344051733.html
Les Terres d'Ogon : Terres d'Ogon Tome 2Blancs visages	Nicolas Jarry, Alex Sierra	15,95 €	Neuf - En stock	https://www.decitre.fr/livres/les-terres-d-ogon-terres-d-ogon-tome-2-blancs-visages-9782302091405.html
Courts-circuits	Etienne Klein	19,50 €	Neuf - En stock	https://www.decitre.fr/livres/courts-circuits-9782072988882.html
Les forêts d'Opale Tome 14Le titan de lumière	Christophe Arleston, Stefano Martino,  Vincent	14,95 €	Neuf - En stock	https://www.decitre.fr/livres/les-forets-d-opale-tome-14-le-titan-de-lumiere-9782302095892.html
L'enfant réparé	Grégoire Delacourt	7,70 €	Neuf - En stock	https://www.decitre.fr/livres/l-enfant-repare-9782253938729.html
Les Enfants du guet	Mary Higgins Clark, Alafair Burke	21,90 €	Neuf - En stock	https://www.decitre.fr/livres/les-enfants-du-guet-9782226475435.html
Compass series Tome 2Lueurs de l'Est	Brittainy C. Cherry	8,90 €	Neuf - Expédié sous 3 à 6 jours	https://www.decitre.fr/livres/compass-series-tome-2-lueurs-de-l-est-9782755663860.html
Off-Campus Tome 5The legacy	Elle Kennedy	7,90 €	Neuf - En stock	https://www.decitre.fr/livres/off-campus-tome-5-the-legacy-9782755664485.html
Deux femmes et un jardin	Anne Guglielmetti	8,10 €	Neuf - En stock	https://www.decitre.fr/livres/deux-femmes-et-un-jardin-9782073006004.html
Les amants de Casablanca	Tahar Ben Jelloun	21,00 €	Neuf - En stock	https://www.decitre.fr/livres/les-amants-de-casablanca-9782073006943.html
Un meilleur meilleur ami	Olivier Tallec	13,50 €	Neuf - En stock	https://www.decitre.fr/livres/un-meilleur-meilleur-ami-9782211329439.html
Astrologie	Liv Strömquist	24,00 €	Neuf - En stock	https://www.decitre.fr/livres/astrologie-9782878272529.html
Six couronnes écarlates	Elizabeth Lim	23,90 €	Neuf - Expédié sous 3 à 6 jours	https://www.decitre.fr/livres/six-couronnes-ecarlates-9782700280890.html
En bande organisée. Mitterrand, le pacte secret	Sébastien Le Fol	21,90 €	Neuf - En stock	https://www.decitre.fr/livres/en-bande-organisee-9782226473875.html
Black Butler Tome 32	Yana Toboso	6,95 €	Neuf - En stock	https://www.decitre.fr/livres/black-butler-tome-32-9782505121428.html
Les enquêtes de l'inspecteur Higgins Tome 48Le mystère de la chambre noire	Christian Jacq	14,50 €	Neuf - En stock	https://www.decitre.fr/livres/les-enquetes-de-l-inspecteur-higgins-tome-48-le-mystere-de-la-chambre-noire-9782374485140.html
Résistance 2050	Amanda Sthers, Aurélie Jean	21,00 €	Neuf - En stock	https://www.decitre.fr/livres/resistance-2050-9791032923993.html
La sage-femme d'Auschwitz	Anna Stuart	20,00 €	Neuf - En stock	https://www.decitre.fr/livres/la-sage-femme-d-auschwitz-9782824637464.html
Au bout du rêve. Et si Tiana avait conclu un pacte avec le Maître des Ombres ?	Farrah Rochon	22,00 €	Neuf - En stock	https://www.decitre.fr/livres/au-bout-du-reve-9782019463038.html
Petiote	Benoît Philippon	8,90 €	Neuf - En stock	https://www.decitre.fr/livres/petiote-9782253195375.html
L'obstiné. Confessions du flic qui exhume les cold cases	Raphaël Nedilko, Catherine Siguret	19,90 €	Neuf - En stock	https://www.decitre.fr/livres/l-obstine-9782958292706.html
Cinéma spéculations	Quentin Tarantino	25,00 €	Neuf - En stock	https://www.decitre.fr/livres/cinema-speculations-9782080419293.html
Complainte des Landes perdues Cycle 3 : Les Sorcières, Tome 3Regina Obscura	Jean Dufaux, Béatrice Tillier	15,00 €	Neuf - En stock	https://www.decitre.fr/livres/complainte-des-landes-perdues-cycle-3-les-sorcieres-tome-3-regina-obscura-9782505078197.html
Le souffle des rêves	Clarisse Sabard	9,20 €	Neuf - Expédié sous 3 à 6 jours	https://www.decitre.fr/livres/le-souffle-des-reves-9782266331807.html
Etre à sa place. Habiter sa vie, habiter son corps	Claire Marin	8,40 €	Neuf - En stock	https://www.decitre.fr/livres/etre-a-sa-place-9782253941118.html
Horimiya Tome 9Avec 2 straps -  -  Edition limitée	HERO, Daisuke Hagiwara	12,00 €	Neuf - Expédié sous 3 à 6 jours	https://www.decitre.fr/livres/horimiya-tome-9-avec-2-straps-9782373498929.html
Buck Danny Origines Tome 2Le fils du Viking noir	Yann, Giuseppe De Luca	15,50 €	Neuf - En stock	https://www.decitre.fr/livres/buck-danny-origines-tome-2-le-fils-du-viking-noir-9791034767465.html
Prendre la vie comme elle vient	Carène Ponte	18,90 €	Neuf - En stock	https://www.decitre.fr/livres/prendre-la-vie-comme-elle-vient-9782265156388.html
La marche du rêveur Tome 1Pur sang	Franck Bouysse	19,90 €	Neuf - Expédié sous 3 à 6 jours	https://www.decitre.fr/livres/la-marche-du-reveur-tome-1-pur-sang-9782752912596.html
Bien sûr que les poissons ont froid	Fanny Ruwet	19,00 €	Neuf - Expédié sous 3 à 6 jours	https://www.decitre.fr/livres/bien-sur-que-les-poissons-ont-froid-9782378803490.html
Chaos football club	Daniel Riolo, Abdelkrim Branine	18,00 €	Neuf - En stock	https://www.decitre.fr/livres/chaos-football-club-9782755663778.html
Mes premières chansons de Pâques	Amélie Laffaiteur	10,00 €	Neuf - Expédié sous 3 à 6 jours	https://www.decitre.fr/livres/mes-premieres-chansons-de-paques-9782324029912.html
Heat 2	Michael Mann, Meg Gardiner	22,90 €	Neuf - En stock	https://www.decitre.fr/livres/heat-2-9791033913818.html
Le nouveau	Keigo Higashino	9,40 €	Neuf - En stock	https://www.decitre.fr/livres/le-nouveau-9782330176440.html
Colditz. La forteresse d'Hitler	Ben MacIntyre	24,90 €	Neuf - En stock	https://www.decitre.fr/livres/colditz-9782379353222.html
Edens Zero Tome 24Origine 0	Hiro Mashima	7,20 €	Neuf - En stock	https://www.decitre.fr/livres/edens-zero-tome-24-origine-0-9782811677053.html
Cahier de vacances de la GS au CP Edition 2023	Myriam Baya Nasroune	4,95 €	Neuf - En stock	https://www.decitre.fr/livres/cahier-de-vacances-de-la-gs-au-cp-9782210776654.html
50 Hadîths du Prophète Muhammad pour méditer	El-Bokhari	4,50 €	Neuf - Expédié sous 3 à 6 jours	https://www.decitre.fr/livres/50-hadiths-du-prophete-muhammad-pour-mediter-9782290373330.html
Sa Majesté mène l'enquête Chasse royale à Sandringham	S.J. Bennett	15,90 €	Neuf - En stock	https://www.decitre.fr/livres/sa-majeste-mene-l-enquete-chasse-royale-a-sandringham-9782258194755.html
Les deux Beune	Pierre Michon	18,50 €	Neuf - En stock	https://www.decitre.fr/livres/les-deux-beune-9782378561673.html
Partners 2.0 Tome 1	Souryu	7,95 €	Neuf - Expédié sous 3 jours	https://www.decitre.fr/livres/partners-2-0-tome-1-9782380714913.html
Le bâtard de Nazareth	Metin Arditi	19,00 €	Neuf - Expédié sous 3 à 6 jours	https://www.decitre.fr/livres/le-batard-de-nazareth-9782246834359.html
Terres d'Arran : Orcs & Gobelins Tome 20Kobo et Myth	Sylvain Cordurié, Bojan Vukic	15,50 €	Neuf - En stock	https://www.decitre.fr/livres/terres-d-arran-orcs-gobelins-tome-20-kobo-et-myth-9782302095168.html
De Pitchik à Pitchouk. Un conte pour vieux enfants	Jean-Claude Grumberg	14,00 €	Neuf - Expédié sous 3 à 6 jours	https://www.decitre.fr/livres/de-pitchik-a-pitchouk-9782021529715.html
Les mémoires de Vanitas Tome 10	Jun Mochizuki	7,95 €	Neuf - Expédié sous 3 à 6 jours	https://www.decitre.fr/livres/les-memoires-de-vanitas-tome-10-9791032710388.html
Education meurtrière Tome 1	Naomi Novik	8,60 €	Neuf - En stock	https://www.decitre.fr/livres/education-meurtriere-tome-1-9782290380550.html
La vie secrète des animaux. Amour, deuil, compassion : un monde caché s'ouvre à nous	Peter Wohlleben	8,90 €	Neuf - Expédié sous 3 à 6 jours	https://www.decitre.fr/livres/la-vie-secrete-des-animaux-9782493909305.html
Drame de pique	Sophie Hénaff	19,90 €	Neuf - En stock	https://www.decitre.fr/livres/drame-de-pique-9782226475527.html
Shit !	Jacky Schwartzmann	19,50 €	Neuf - En stock	https://www.decitre.fr/livres/shit-9782021526714.html
Là où vivent les hommes	Christian Signol	7,90 €	Neuf - En stock	https://www.decitre.fr/livres/la-ou-vivent-les-hommes-9782253941828.html
L'infiltrée	Lou Garance	19,00 €	Neuf - En stock	https://www.decitre.fr/livres/l-infiltree-9782371265486.html
Soul Eater Tome 2Perfect Edition -  -  Edition collector	Atsushi Ohkubo	11,95 €	Neuf - En stock	https://www.decitre.fr/livres/soul-eater-tome-2-perfect-edition-9782380714968.html
Hachi & Maruru, chats des rues Tome 1	Yuri Sonoda	7,95 €	Neuf - En stock	https://www.decitre.fr/livres/hachi-maruru-chats-des-rues-tome-1-9791041100613.html
J'aurais aimé te tuer	Pétronille Rostagnat	7,90 €	Neuf - En stock	https://www.decitre.fr/livres/j-aurais-aime-te-tuer-9791033912545.html
Le Silence	Dennis Lehane	25,40 €	Neuf - En stock	https://www.decitre.fr/livres/le-silence-9782351783221.html
Les dominos de la vie	Laure Manel	8,90 €	Neuf - En stock	https://www.decitre.fr/livres/les-dominos-de-la-vie-9782253243182.html
T'choupi visite la caserne de pompiers	Thierry Courtin	6,30 €	Neuf - En stock	https://www.decitre.fr/livres/t-choupi-visite-la-caserne-de-pompiers-9782095018290.html
Les 5 portes. Découvre enfin qui tu es	Fabrice Midal	8,00 €	Neuf - En stock	https://www.decitre.fr/livres/les-5-portes-9782266329712.html
La route	Cormac McCarthy	7,90 €	Neuf - En stock	https://www.decitre.fr/livres/la-route-9791041410699.html
Kaguya-sama: Love is War Tome 14	Aka Akasaka	7,20 €	Neuf - En stock	https://www.decitre.fr/livres/kaguya-sama-love-is-war-tome-14-9782811677879.html
Shangri-La Frontier Tome 8	Katarina, Ryôsuke Fuji	6,99 €	Neuf - En stock	https://www.decitre.fr/livres/shangri-la-frontier-tome-8-9782344055885.html
Le loup qui avait perdu sa langue	Orianne Lallemand, Eléonore Thuillier	10,95 €	Neuf - Expédié sous 3 à 6 jours	https://www.decitre.fr/livres/le-loup-qui-avait-perdu-sa-langue-9791039523165.html
Les débuts	Claire Marin	19,00 €	Neuf - En stock	https://www.decitre.fr/livres/les-debuts-9782746761308.html
La maison	Julien Gracq	15,00 €	Neuf - En stock	https://www.decitre.fr/livres/la-maison-9782714313010.html
Thanatea	Sonja Delzongle	20,90 €	Neuf - En stock	https://www.decitre.fr/livres/thanatea-9782265156173.html
Ensemble on est plus fortes	Julie Gayet	19,00 €	Neuf - En stock	https://www.decitre.fr/livres/ensemble-on-est-plus-fortes-9782234092334.html
Cahier de vacances du CP au CE1 Edition 2023	Michel Wormser, Bernard Séménadisse	4,95 €	Neuf - En stock	https://www.decitre.fr/livres/cahier-de-vacances-du-cp-au-ce1-9782210776661.html
L'affaire Alice Crimmins	Anaïs Renevier	7,50 €	Neuf - En stock	https://www.decitre.fr/livres/l-affaire-alice-crimmins-9782264079794.html
L'homme-chevreuil. Sept ans de vie sauvage	Geoffroy Delorme	7,90 €	Neuf - Expédié sous 3 à 6 jours	https://www.decitre.fr/livres/l-homme-chevreuil-9782493909312.html
Et que quelqu'un vous tende la main	Carène Ponte	8,30 €	Neuf - En stock	https://www.decitre.fr/livres/et-que-quelqu-un-vous-tende-la-main-9782266332309.html
Même le bruit de la nuit a changé	Violette d' Urso	20,00 €	Neuf - En stock	https://www.decitre.fr/livres/meme-le-bruit-de-la-nuit-a-change-9782080419149.html
Il n'y aura pas de sang versé	Maryline Desbiolles	18,00 €	Neuf - En stock	https://www.decitre.fr/livres/il-n-y-aura-pas-de-sang-verse-9782848054780.html
Papa	Hélène Delforge, Quentin Gréban	25,00 €	Neuf - En stock	https://www.decitre.fr/livres/papa-9782807701830.html
Réveillons-nous !	Edgar Morin	5,50 €	Neuf - En stock	https://www.decitre.fr/livres/reveillons-nous-9782073002761.html
Les jours heureux sont devant nous. De la présidentielle à la reconstruction de la gauche	Fabien Roussel	14,90 €	Neuf - En stock	https://www.decitre.fr/livres/les-jours-heureux-sont-devant-nous-9782749175775.html
Santé publique - Médecine légale - Médecine du travail. Programme R2C2e édition	Antoine Gavoille	25,00 €	Neuf - Expédié sous 3 à 6 jours	https://www.decitre.fr/livres/sante-publique-medecine-legale-medecine-du-travail-9782356402868.html
L'Empereur et les milliardaires rouges	Christine Ockrent	22,00 €	Neuf - En stock	https://www.decitre.fr/livres/l-empereur-et-les-milliardaires-rouges-9791032920664.html
Le Chat du bibliothécaire Tome 2Inventaire fatal	Miranda James	7,50 €	Neuf - En stock	https://www.decitre.fr/livres/le-chat-du-bibliothecaire-tome-2-inventaire-fatal-9782290388358.html
Champignac Tome 3Quelques atomes de carbone	David Etien,  BeKa	15,50 €	Neuf - Expédié sous 3 à 6 jours	https://www.decitre.fr/livres/champignac-tome-3-quelques-atomes-de-carbone-9791034768486.html
Western Star	Craig Johnson	9,40 €	Neuf - En stock	https://www.decitre.fr/livres/western-star-9782757899892.html
Virée mortelle	Karen M. McManus	18,95 €	Neuf - En stock	https://www.decitre.fr/livres/viree-mortelle-9782092493694.html
Et puis la foudre	Sophie Rouvier	19,50 €	Neuf - En stock	https://www.decitre.fr/livres/et-puis-la-foudre-9782213721576.html
Divorce à l'anglaise	Margaret Kennedy	24,00 €	Neuf - En stock	https://www.decitre.fr/livres/divorce-a-l-anglaise-9791037111661.html
Fire Force Tome 28	Atsushi Ohkubo	6,95 €	Neuf - En stock	https://www.decitre.fr/livres/fire-force-tome-28-9782505119906.html
Cher Canard. De l'affaire Fillon à celle du Canard Enchaîné	Christophe Nobili	20,00 €	Neuf - En stock	https://www.decitre.fr/livres/cher-canard-9782709671859.html
Pokémon. Un papertoy à créer. Salamèche - Carapuce - Bulbizarre	Tougui	12,95 €	Neuf - En stock	https://www.decitre.fr/livres/pokemon-9791032407103.html
Pokémon. Coloriages pixels	Antartik	5,50 €	Neuf - En stock	https://www.decitre.fr/livres/pokemon-9782821216358.html
Ecoutez-moi jusqu'à la fin	Tess Gunty	26,60 €	Neuf - En stock	https://www.decitre.fr/livres/ecoutez-moi-jusqu-a-la-fin-9782351782927.html
Judee Sill	Juan Díaz Canales, Jesus Alonso Iglesias	25,00 €	Neuf - En stock	https://www.decitre.fr/livres/judee-sill-9791034751020.html
Les énigmes de Naruto du CE2 au CM1	François Lecellier	6,95 €	Neuf - En stock	https://www.decitre.fr/livres/les-enigmes-de-naruto-du-ce2-au-cm1-9782036042025.html
Cahier de vacances du CE1 au CE2 Edition 2023	Christian Redouté, Bernard Séménadisse	4,95 €	Neuf - En stock	https://www.decitre.fr/livres/cahier-de-vacances-du-ce1-au-ce2-9782210776678.html
La guerre des clans : les signes du destin (Cycle IV) Tome 5La guerrière oubliée	Erin Hunter	8,30 €	Neuf - En stock	https://www.decitre.fr/livres/la-guerre-des-clans-les-signes-du-destin-cycle-iv-tome-5-la-guerriere-oubliee-9782266330060.html
Le grizzli Tome 1Un drôle de chabanais	Matz, Fred Simon	16,00 €	Neuf - En stock	https://www.decitre.fr/livres/le-grizzli-tome-1-un-drole-de-chabanais-9782205089714.html
The Eminence in Shadow Tome 8	Anri Sakano, Daisuke Aizawa,  Touzai	7,50 €	Neuf - En stock	https://www.decitre.fr/livres/the-eminence-in-shadow-tome-8-9791041100606.html
The Prison Healer Tome 2La princesse rebelle	Lynette Noni	19,00 €	Neuf - Expédié sous 3 à 6 jours	https://www.decitre.fr/livres/the-prison-healer-tome-2-la-princesse-rebelle-9782017140474.html
Maisons de verre	Louise Penny	24,00 €	Neuf - En stock	https://www.decitre.fr/livres/maisons-de-verre-9782330176358.html
Les exilées de Troie	Pat Barker	8,90 €	Neuf - En stock	https://www.decitre.fr/livres/les-exilees-de-troie-9782290387221.html
Sans retour	Danielle Steel	8,30 €	Neuf - En stock	https://www.decitre.fr/livres/sans-retour-9782266332125.html
Ramses II	Wyctor, Michael Malatini	14,95 €	Neuf - En stock	https://www.decitre.fr/livres/ramses-ii-9782344054598.html
Ma vie avec Mauriac	Bernard Cazeneuve	16,00 €	Neuf - En stock	https://www.decitre.fr/livres/ma-vie-avec-mauriac-9782073010346.html
Tokyo Detective. Enquêtes, crimes et rédemption au pays du Soleil-Levant	Jake Adelstein	23,00 €	Neuf - En stock	https://www.decitre.fr/livres/tokyo-detective-9782381340197.html
Son odeur après la pluie	Cédric Sapin-Defour	20,90 €	Neuf - En stock	https://www.decitre.fr/livres/son-odeur-apres-la-pluie-9782234093966.html
Les folles enquêtes de Magritte et Georgette Leffe-toi et marche !	Nadine Monfils	14,90 €	Neuf - En stock	https://www.decitre.fr/livres/les-folles-enquetes-de-magritte-et-georgette-leffe-toi-et-marche-9782221263815.html
La maison dorée	Jessie Burton	24,00 €	Neuf - En stock	https://www.decitre.fr/livres/la-maison-doree-9782072870774.html
La petite ritournelle de l'horreur	Cécile Cabanac	9,20 €	Neuf - En stock	https://www.decitre.fr/livres/la-petite-ritournelle-de-l-horreur-9782266331265.html
L'enfer numérique	Guillaume Pitron	9,90 €	Neuf - En stock	https://www.decitre.fr/livres/l-enfer-numerique-9791020924964.html
Méfiez-vous des anges	Olivier Bal	9,20 €	Neuf - En stock	https://www.decitre.fr/livres/mefiez-vous-des-anges-9782266332248.html
Shadows House Tome 10	So-ma-to	7,90 €	Neuf - En stock	https://www.decitre.fr/livres/shadows-house-tome-10-9782344056608.html
My happy marriage Tome 2	Akumi Agitogi, Rito Kosaka, Tsukiho Tsukioka	7,95 €	Neuf - En stock	https://www.decitre.fr/livres/my-happy-marriage-tome-2-9782380714807.html
Les Trois Mousquetaires Tome 1D'Artagnan	Alexandre Dumas	7,50 €	Neuf - En stock	https://www.decitre.fr/livres/les-trois-mousquetaires-tome-1-d-artagnan-9782073016119.html
Abîmes	Sonja Delzongle	9,20 €	Neuf - En stock	https://www.decitre.fr/livres/abimes-9782073016645.html
Un sort si noir et éternel Tome 3Un serment si noble et funeste	Brigid Kemmerer	20,00 €	Neuf - En stock	https://www.decitre.fr/livres/un-sort-si-noir-et-eternel-tome-3-un-serment-si-noble-et-funeste-9782700276510.html
Le manga des vacances Du CM2 à la 6e. Mission Krono	Benjamin Viette,  SiB	8,99 €	Neuf - En stock	https://www.decitre.fr/livres/le-manga-des-vacances-du-cm2-a-la-6e-9782095015428.html
L'Hallali	Nicolas Lebel	21,90 €	Neuf - En stock	https://www.decitre.fr/livres/l-hallali-9782702451229.html
Le manga des vacances Du CM1 au CM2. Sensu 6	Ludovic Danjou, Martina Loppolo	8,99 €	Neuf - En stock	https://www.decitre.fr/livres/le-manga-des-vacances-du-cm1-au-cm2-9782095015411.html
Naruto Edition Hokage Tome 9	Masashi Kishimoto	15,50 €	Neuf - Expédié sous 3 jours	https://www.decitre.fr/livres/naruto-edition-hokage-tome-9-9782505115038.html
Cahier de vacances de la MS à la GS Edition 2023	Caroline Thierry	4,95 €	Neuf - En stock	https://www.decitre.fr/livres/cahier-de-vacances-de-la-ms-a-la-gs-9782210776647.html
Bretzel et beurre salé Tome 4Loin des yeux, loin du coeur	Margot Le Moal, Jean Le Moal	15,90 €	Neuf - En stock	https://www.decitre.fr/livres/bretzel-et-beurre-sale-tome-4-loin-des-yeux-loin-du-coeur-9782702187340.html
Rien ne t'appartient	Nathacha Appanah	7,50 €	Neuf - En stock	https://www.decitre.fr/livres/rien-ne-t-appartient-9782073003010.html
Demon Slave Tome 9	Takahiro, Yohei Takemura	7,20 €	Neuf - En stock	https://www.decitre.fr/livres/demon-slave-tome-9-9782380714708.html
Se reconstruire. La blessure est l'endroit où la lumière pénètre en vous	Moussa Nabati	19,50 €	Neuf - En stock	https://www.decitre.fr/livres/se-reconstruire-9782221253939.html
Naruto Edition Hokage Tome 10	Masashi Kishimoto	15,50 €	Neuf - En stock	https://www.decitre.fr/livres/naruto-edition-hokage-tome-10-9782505115045.html
File dans ta chambre !. Offrez des limites éducatives à vos enfants2e édition	Caroline Goldman	17,90 €	Neuf - En stock	https://www.decitre.fr/livres/file-dans-ta-chambre-offrez-des-limites-educatives-a-vos-enfants-2e-edition-9782100846573.html
Un couple	Eliette Abécassis	19,00 €	Neuf - En stock	https://www.decitre.fr/livres/un-couple-9782246827283.html
Faire le deuil de soi	Nicolas Menet	18,90 €	Neuf - En stock	https://www.decitre.fr/livres/faire-le-deuil-de-soi-9782749177601.html
Les larmes du Reich	François Médéline	7,50 €	Neuf - En stock	https://www.decitre.fr/livres/les-larmes-du-reich-9782264081698.html
La Trilogie des talents Tome 1Monstres ordinaires -  -  Edition collector	J.M. Miro	26,90 €	Neuf - En stock	https://www.decitre.fr/livres/la-trilogie-des-talents-tome-1-monstres-ordinaires-9782378762650.html
Compass series Tome 3A l'ouest les vagues	Brittainy C. Cherry	8,90 €	Neuf - En stock	https://www.decitre.fr/livres/compass-series-tome-3-a-l-ouest-les-vagues-9782755663877.html
La vie en fuite	John Boyne	22,90 €	Neuf - En stock	https://www.decitre.fr/livres/la-vie-en-fuite-9782709670630.html
Dragon Quest - The Adventure of Daï Tome 5	Riku Sanjô, Koji Inada	12,50 €	Neuf - En stock	https://www.decitre.fr/livres/dragon-quest-the-adventure-of-dai-tome-5-9782413044314.html
Tokyo, Kyoto, Osaka et Hiroshima Edition 2023-2024	Le Routard	16,95 €	Neuf - En stock	https://www.decitre.fr/livres/tokyo-kyoto-osaka-et-hiroshima-9782017883944.html
L'évangile de la colère	Ghislain Gilberti	9,20 €	Neuf - En stock	https://www.decitre.fr/livres/l-evangile-de-la-colere-9782290388983.html
Can you keep a secret ?	Lou Garance	7,50 €	Neuf - En stock	https://www.decitre.fr/livres/can-you-keep-a-secret-9782371265479.html
Furious Jumper Tome 3Le secret du voisin	Emmanuel Nhieu, Jean-Christophe Derrien,  Furious Jumper, Joël Odone	11,50 €	Neuf - Expédié sous 3 à 6 jours	https://www.decitre.fr/livres/furious-jumper-tome-3-le-secret-du-voisin-9782302099173.html
Cahier de vacances du CE2 au CM1 Edition 2023	Maguy Bilheran	4,95 €	Neuf - En stock	https://www.decitre.fr/livres/cahier-de-vacances-du-ce2-au-cm1-9782210776685.html
La femme de chambre	Nita Prose	9,20 €	Neuf - En stock	https://www.decitre.fr/livres/la-femme-de-chambre-9782253934899.html
Les dix mille portes de January	Alix E. Harrow	9,70 €	Neuf - En stock	https://www.decitre.fr/livres/les-dix-mille-portes-de-january-9782253937173.html
Le petit théâtre des opérations - Toujours prêtes ! Tome 1	Virginie Augustin, Julien Hervieux	15,90 €	Neuf - En stock	https://www.decitre.fr/livres/le-petit-theatre-des-operations-toujours-pretes-tome-1-9791038204706.html
Ecrire pour guérir. Cahier d'exercices poétiques	Rupi Kaur	20,00 €	Neuf - En stock	https://www.decitre.fr/livres/ecrire-pour-guerir-9782221268254.html
Chroniques de l'asphalte Tome 4	Samuel Benchetrit	20,90 €	Neuf - En stock	https://www.decitre.fr/livres/chroniques-de-l-asphalte-tome-4-9782246825685.html
Terra Alta Tome 3Le Château de Barbe-Bleue	Javier Cercas	23,00 €	Neuf - En stock	https://www.decitre.fr/livres/terra-alta-tome-3-le-chateau-de-barbe-bleue-9782330176303.html
Nous étions seuls. Une histoire diplomatique de la France 1919-1939	Gérard Araud	22,90 €	Neuf - En stock	https://www.decitre.fr/livres/nous-etions-seuls-9791021052888.html
So close	Sylvia Day	19,90 €	Neuf - En stock	https://www.decitre.fr/livres/so-close-9782290387603.html
Avalon Bay Tome 1Good girl complex	Elle Kennedy	17,00 €	Neuf - En stock	https://www.decitre.fr/livres/avalon-bay-tome-1-good-girl-complex-9782755665628.html
La revanche. Meghan, Harry et la guerre chez les Windsor, l'autre version de l'histoire	Tom Bower	24,95 €	Neuf - En stock	https://www.decitre.fr/livres/la-revanche-9782017234296.html
La Sîra. Biographie du Prophète Muhammad	Ibn Hichâm	7,00 €	Neuf - En stock	https://www.decitre.fr/livres/la-sira-9782290263181.html
Bofuri : Je suis pas venue ici pour souffrir alors j'ai tout mis en défense Tome 3	Yuumikan, Jiro Oimoto	7,95 €	Neuf - En stock	https://www.decitre.fr/livres/bofuri-je-suis-pas-venue-ici-pour-souffrir-alors-j-ai-tout-mis-en-defense-tome-3-9791035504007.html
Le Coran	Albert Kasimirski	5,00 €	Neuf - En stock	https://www.decitre.fr/livres/le-coran-9782290373354.html
Classroom for Heroes - The Return of the Former Brave Tome 15	Shin Araki, Koara Kishida	7,50 €	Neuf - En stock	https://www.decitre.fr/livres/classroom-for-heroes-the-return-of-the-former-brave-tome-15-9782818999141.html
L'affaire du Golden State Killer	William Thorp	7,50 €	Neuf - En stock	https://www.decitre.fr/livres/l-affaire-du-golden-state-killer-9782264079787.html
Fugue américaine	Bruno Le Maire	23,50 €	Neuf - Expédié sous 3 à 6 jours	https://www.decitre.fr/livres/fugue-americaine-9782072914034.html
De sang, d'écume et de glace Tome 3Atlantis	Alexiane de Lys	16,95 €	Neuf - En stock	https://www.decitre.fr/livres/de-sang-d-ecume-et-de-glace-tome-3-atlantis-9782749951553.html
La carte des confins Tome 3La destinée de l'Avalon	Marie Reppelin	17,50 €	Neuf - En stock	https://www.decitre.fr/livres/la-carte-des-confins-tome-3-la-destinee-de-l-avalon-9782266331609.html
Le Coût de la virilité. Ce que la Farnce économiserait si les hommes se comportaient comme les femmes	Lucile Peytavin	7,70 €	Neuf - Expédié sous 3 à 6 jours	https://www.decitre.fr/livres/le-cout-de-la-virilite-9782253195702.html
Escape game CE2-CM1. Au muséum d'histoire naturelle	Sophie Adriansen, Marie Toury	7,90 €	Neuf - En stock	https://www.decitre.fr/livres/escape-game-ce2-cm1-9782095014988.html
La Malnata	Beatrice Salvioni	21,90 €	Neuf - En stock	https://www.decitre.fr/livres/la-malnata-9782226471222.html
Vivre d'aventures	Mathieu Blanchard	20,00 €	Neuf - Expédié sous 3 à 6 jours	https://www.decitre.fr/livres/vivre-d-aventures-9782080292049.html
Flirting with 40	K. Bromberg	7,90 €	Neuf - Expédié sous 3 à 6 jours	https://www.decitre.fr/livres/flirting-with-40-9782755663914.html
Néphrologie. Entraînement	Bérangère Goupille	22,00 €	Neuf - Expédié sous 3 jours	https://www.decitre.fr/livres/nephrologie-9782340077263.html
Anne Tome 7La Vallée Arc-en-ciel	Lucy Maud Montgomery	17,50 €	Neuf - En stock	https://www.decitre.fr/livres/anne-tome-7-la-vallee-arc-en-ciel-9782381961170.html
More than Anything	Ellie Jade	17,40 €	Neuf - En stock	https://www.decitre.fr/livres/more-than-anything-9782371265554.html
Sauver la différence des sexes	Eugénie Bastié	3,90 €	Neuf - En stock	https://www.decitre.fr/livres/sauver-la-difference-des-sexes-9782073025456.html
Cahier de vacances de la PS à la MS Edition 2023	Aurélie Perrot	4,95 €	Neuf - En stock	https://www.decitre.fr/livres/cahier-de-vacances-de-la-ps-a-la-ms-9782210776630.html
L'énigme des vacances Du CM1 au CM2. Sur l'ile à marée haute	Sophie Adriansen, Terkel Risbjerg	7,90 €	Neuf - En stock	https://www.decitre.fr/livres/l-enigme-des-vacances-du-cm1-au-cm2-9782095014995.html
Bienvenue à l'hôtel Savoy Tome 1Le Crime de la chambre 705	Ron Base, Prudence Emery	14,90 €	Neuf - En stock	https://www.decitre.fr/livres/bienvenue-a-l-hotel-savoy-tome-1-le-crime-de-la-chambre-705-9791040114352.html
The Dark Saint Tome 2	Mugi Sawai,  MasamiT	7,95 €	Neuf - En stock	https://www.decitre.fr/livres/the-dark-saint-tome-2-9791041100309.html
La clef des champs	Audrey Faulot	7,30 €	Neuf - En stock	https://www.decitre.fr/livres/la-clef-des-champs-9782075191043.html
Marie Curie et ses filles	Claudine Monteil	8,10 €	Neuf - En stock	https://www.decitre.fr/livres/marie-curie-et-ses-filles-9791033913986.html
Les Héricornes Tome 1L'appel de la déesse	Kid Toussaint, Veronica Alvarez	12,95 €	Neuf - En stock	https://www.decitre.fr/livres/les-hericornes-tome-1-l-appel-de-la-deesse-9782808206204.html
Fuze & Didier Tome 4Les trois tours	Ornella Greco,  Fuze, Jean-Christophe Derrien, Jao Canola, Alessandro Russotto	11,50 €	Neuf - En stock	https://www.decitre.fr/livres/fuze-didier-tome-4-les-trois-tours-9782302099265.html
Cahier de vacances du CM1 au CM2 Edition 2023	Alain Charles, Bernard Séménadisse	4,95 €	Neuf - En stock	https://www.decitre.fr/livres/cahier-de-vacances-du-cm1-au-cm2-9782210776692.html
En avant, les animaux !	Briony May Smith	14,00 €	Neuf - En stock	https://www.decitre.fr/livres/en-avant-les-animaux-9782075172424.html
X 100. Comment protéger son foie pour vivre jusqu'à 100 ans	Gabriel Perlemuter	19,00 €	Neuf - Expédié sous 3 à 6 jours	https://www.decitre.fr/livres/x-100-9782080419132.html
Les mémoires de Vanitas Pack en 2 volumes. Tomes 1 et 2	Jun Mochizuki	7,95 €	Neuf - En stock	https://www.decitre.fr/livres/les-memoires-de-vanitas-pack-en-2-volumes-9791032714126.html
Prof. Une journaliste en immersion	Anna Benjamin	19,50 €	Neuf - En stock	https://www.decitre.fr/livres/prof-9791096906437.html
Alpinistes de Mao	Cédric Gras	20,90 €	Neuf - En stock	https://www.decitre.fr/livres/alpinistes-de-mao-9782234092341.html
Criminelles Fiançailles Tome 6	Asuka Konishi	7,95 €	Neuf - Expédié sous 3 à 6 jours	https://www.decitre.fr/livres/criminelles-fiancailles-tome-6-9782811677350.html
Terres d'Arran : Orcs & Gobelins Tome 21Orak. Guerres d'Arran	Alina Yerofieieva, Nicolas Jarry, Jean-Luc Istin, Vincent Powell	15,50 €	Neuf - En stock	https://www.decitre.fr/livres/terres-d-arran-orcs-gobelins-tome-21-orak-9782302097445.html
Le Hobbit	John Ronald Reuel Tolkien, Alan Lee	39,90 €	Neuf - En stock	https://www.decitre.fr/livres/le-hobbit-9782267051315.html
Un tesson d'éternité	Valérie Tong Cuong	8,40 €	Neuf - En stock	https://www.decitre.fr/livres/un-tesson-d-eternite-9782253936770.html
Terra Alta Tome 1	Javier Cercas	10,40 €	Neuf - En stock	https://www.decitre.fr/livres/terra-alta-tome-1-9782330176488.html
Elisabeth, princesse à Versailles Tome 25Le billet gagnant	Annie Jay, Ariane Delrieu	7,90 €	Neuf - En stock	https://www.decitre.fr/livres/elisabeth-princesse-a-versailles-tome-25-le-billet-gagnant-9782226481306.html
L'incroyable histoire de la mythologie grecque	Catherine Mory, Philippe Bercovici	25,00 €	Neuf - En stock	https://www.decitre.fr/livres/l-incroyable-histoire-de-la-mythologie-grecque-9791037508867.html
Les thés meurtriers d'Oxford Tome 6Les entremets tueurs	H.Y. Hanna	14,95 €	Neuf - En stock	https://www.decitre.fr/livres/les-thes-meurtriers-d-oxford-tome-6-les-entremets-tueurs-9782824637440.html
La guerre des clans : De l'ombre à la lumière (Cycle VI) Tome 6Au coeur de la tempête	Erin Hunter	16,20 €	Neuf - En stock	https://www.decitre.fr/livres/la-guerre-des-clans-de-l-ombre-a-la-lumiere-cycle-vi-tome-6-au-coeur-de-la-tempete-9782266321518.html
Cycle de la Tour de garde. Capitale du Nord Tome 1Citadins de demain	Claire Duvivier	8,90 €	Neuf - En stock	https://www.decitre.fr/livres/cycle-de-la-tour-de-garde-9782253106869.html
Mensonges au paradis	Colombe Schneck	18,50 €	Neuf - En stock	https://www.decitre.fr/livres/mensonges-au-paradis-9782246828051.html
L'arbre de colère	Guillaume Aubin	9,20 €	Neuf - En stock	https://www.decitre.fr/livres/l-arbre-de-colere-9782072995194.html
Target	Alba River	8,90 €	Neuf - Expédié sous 3 à 6 jours	https://www.decitre.fr/livres/target-9782755663938.html
A silent voice Pack en 2 volumes : Tomes 1 et 2. Dont 1 tome offert	Yoshitoki Oima	6,95 €	Neuf - En stock	https://www.decitre.fr/livres/a-silent-voice-pack-en-2-volumes-tomes-1-et-2-9791032714133.html
Wind Breaker Tome 3	Satoru Nii	7,20 €	Neuf - En stock	https://www.decitre.fr/livres/wind-breaker-tome-3-9782811677626.html
L'alphabet du silence	Delphine Minoui	20,00 €	Neuf - En stock	https://www.decitre.fr/livres/l-alphabet-du-silence-9782378803513.html
Mémo visuel de biochimie3e édition	Xavier Coumoul, Frédéric Dardel, Etienne Blanc	25,00 €	Neuf - En stock	https://www.decitre.fr/livres/memo-visuel-de-biochimie-9782100847938.html
The Killer Inside Tome 11	Hajime Inoryu, Shota Ito	7,95 €	Neuf - En stock	https://www.decitre.fr/livres/the-killer-inside-tome-11-9791032712054.html
The Cave King Tome 4	Demise Takao, Hatori Kyôka, Hajime Naehara	7,50 €	Neuf - En stock	https://www.decitre.fr/livres/the-cave-king-tome-4-9782818999363.html
Musée	Christophe Chabouté	23,00 €	Neuf - En stock	https://www.decitre.fr/livres/musee-9782749309774.html
Vive Pâques !. Avec 1 pinceau	Marion Cocklico	8,95 €	Neuf - Expédié sous 3 à 6 jours	https://www.decitre.fr/livres/vive-paques-9782324032448.html
Abus sexuels dans l'Eglise catholique. Des scandales aux réformes	Pascal Wintzer	3,90 €	Neuf - Expédié sous 3 à 6 jours	https://www.decitre.fr/livres/abus-sexuels-dans-l-eglise-catholique-9782073025500.html
Les derniers jours des fauves	Jérôme Leroy	9,20 €	Neuf - En stock	https://www.decitre.fr/livres/les-derniers-jours-des-fauves-9782072984730.html
Loup gris à l'école des chasseurs	Gilles Bizouerne, Ronan Badel	13,50 €	Neuf - En stock	https://www.decitre.fr/livres/loup-gris-a-l-ecole-des-chasseurs-9782278125357.html
Les oeufs de Pâques de Pierre	Katie Woolley	12,90 €	Neuf - En stock	https://www.decitre.fr/livres/les-oeufs-de-paques-de-pierre-9782075176019.html
Sur mes épaules tu bâtiras ton monde	Julien Aime	8,95 €	Neuf - Expédié sous 3 à 6 jours	https://www.decitre.fr/livres/sur-mes-epaules-tu-batiras-ton-monde-9791039202947.html
Les ombres d'Adelaide Hills	Kate Morton	22,90 €	Neuf - En stock	https://www.decitre.fr/livres/les-ombres-d-adelaide-hills-9782368129524.html
Mes recettes à moins de 600 calories	ValinFood	19,90 €	Neuf - En stock	https://www.decitre.fr/livres/mes-recettes-a-moins-de-600-calories-9782501177276.html
Aminata	Lawrence Hill	10,20 €	Neuf - En stock	https://www.decitre.fr/livres/aminata-9782072989483.html
La villa des petits bonheurs	Lucy Diamond	9,90 €	Neuf - En stock	https://www.decitre.fr/livres/la-villa-des-petits-bonheurs-9782368129777.html
Jojo's Bizarre Adventure - Jojolion Tome 26The wonder of you	Hirohiko Araki	6,99 €	Neuf - En stock	https://www.decitre.fr/livres/jojo-s-bizarre-adventure-jojolion-tome-26-the-wonder-of-you-9782413046196.html
A la folie, passionnément	Marianne Chaillan	18,00 €	Neuf - En stock	https://www.decitre.fr/livres/a-la-folie-passionnement-9782382844977.html
L'homme qui n'aimait plus les chats	Isabelle Aupy	6,90 €	Neuf - En stock	https://www.decitre.fr/livres/l-homme-qui-n-aimait-plus-les-chats-9782072990687.html
City Hunter Tome 5	Tsukasa Hojo	16,99 €	Neuf - En stock	https://www.decitre.fr/livres/city-hunter-tome-5-9791039115414.html
Du mouvement de la Terre Tome 1	UOTO	7,95 €	Neuf - En stock	https://www.decitre.fr/livres/du-mouvement-de-la-terre-tome-1-9791032713136.html
Serpent & Dove Tome 3Gods & Monsters -  -  Edition collector	Shelby Mahurin	23,90 €	Neuf - En stock	https://www.decitre.fr/livres/serpent-dove-tome-3-gods-monsters-9782378762742.html
Cahiers d’insouciance	Alexandre Jollien	7,30 €	Neuf - En stock	https://www.decitre.fr/livres/cahiers-d-insouciance-9782290379653.html
Eclats dormants. Les contes fracturés	Alix E. Harrow	22,00 €	Neuf - En stock	https://www.decitre.fr/livres/eclats-dormants-9782017178590.html
Bibliomania	Macchiro,  Orval	22,95 €	Neuf - En stock	https://www.decitre.fr/livres/bibliomania-9782382810330.html
Le gardien de Téhéran	Stéphanie Perez	20,00 €	Neuf - En stock	https://www.decitre.fr/livres/le-gardien-de-teheran-9782259315470.html
Sans sucre c'est possible !. 60 desserts faciles et ultra-gourmands	Marmiton	9,95 €	Neuf - En stock	https://www.decitre.fr/livres/sans-sucre-c-est-possible-60-desserts-faciles-et-ultra-gourmands-9782749953465.html
Ender Geister Tome 3	Takashi Yomoyama	7,90 €	Neuf - En stock	https://www.decitre.fr/livres/ender-geister-tome-3-9782344057735.html
Anne de Green Gables	Lucy Maud Montgomery	3,50 €	Neuf - En stock	https://www.decitre.fr/livres/anne-de-green-gables-9791041412051.html
Molang Rires en plein air	Goroglin	10,50 €	Neuf - En stock	https://www.decitre.fr/livres/molang-rires-en-plein-air-9791034770083.html
Molang Grand soleil sur l'amitié	Goroglin	10,50 €	Neuf - En stock	https://www.decitre.fr/livres/molang-grand-soleil-sur-l-amitie-9791034770090.html
L'inconnue du port	Olivier Truc, Rosa Montero	6,90 €	Neuf - En stock	https://www.decitre.fr/livres/l-inconnue-du-port-9791041410019.html
Le lac de nulle part	Pete Fromm	11,20 €	Neuf - En stock	https://www.decitre.fr/livres/le-lac-de-nulle-part-9782351788851.html
Ne crois pas tout ce qu'on raconte, Arc-en-ciel	Marcus Pfister	17,00 €	Neuf - En stock	https://www.decitre.fr/livres/ne-crois-pas-tout-ce-qu-on-raconte-arc-en-ciel-9782831101408.html
Palisades Park Tome 3Blue Shield	Maloria Cassis	17,00 €	Neuf - En stock	https://www.decitre.fr/livres/palisades-park-tome-3-blue-shield-9782755663488.html
True Beauty Tome 7	Yaongyi	14,95 €	Neuf - Expédié sous 3 à 6 jours	https://www.decitre.fr/livres/true-beauty-tome-7-9782382882054.html
Les chats éraflés	Camille Goudeau	8,70 €	Neuf - Expédié sous 3 à 6 jours	https://www.decitre.fr/livres/les-chats-erafles-9782073002211.html
Serpent & Dove Tome 3Gods & Monsters	Shelby Mahurin	19,90 €	Neuf - En stock	https://www.decitre.fr/livres/serpent-dove-tome-3-gods-monsters-9782378762735.html
Quand tu ouvriras les yeux	Pétronille Rostagnat	19,90 €	Neuf - Expédié sous 3 à 6 jours	https://www.decitre.fr/livres/quand-tu-ouvriras-les-yeux-9791033914310.html
(Dé)rangée. Tome 1	Manon Henaux, Greg Blondin	17,90 €	Neuf - En stock	https://www.decitre.fr/livres/de-rangee-9782818999806.html
La Passion de la fraternité. Beethoven	Erik Orsenna	7,90 €	Neuf - En stock	https://www.decitre.fr/livres/la-passion-de-la-fraternite-9782253262671.html
L'île des damnés	Angélina Delcroix	8,90 €	Neuf - En stock	https://www.decitre.fr/livres/l-ile-des-damnes-9782755663976.html
Si je dois te trahir	Ruta Sepetys	17,90 €	Neuf - En stock	https://www.decitre.fr/livres/si-je-dois-te-trahir-9782075172165.html
I Kissed Shara Wheeler	Casey McQuiston	17,00 €	Neuf - En stock	https://www.decitre.fr/livres/i-kissed-shara-wheeler-9782371023741.html
Sauveur & Fils Saison 7	Marie-Aude Murail, Constance Robert-Murail	17,50 €	Neuf - En stock	https://www.decitre.fr/livres/sauveur-fils-saison-7-9782211312073.html
Goblin slayer Tome 13	Kumo Kagyu, Kousuke Kurose, Noboru Kannatuki	7,95 €	Neuf - En stock	https://www.decitre.fr/livres/goblin-slayer-tome-13-9782380713008.html
Ce qu'est le christianisme. Un testament spirituel	Benoît XVI	18,90 €	Neuf - En stock	https://www.decitre.fr/livres/ce-qu-est-le-christianisme-9782268109183.html
Bernard, la fureur de vivre	Dominique Tapie, Catherine Siguret	21,00 €	Neuf - En stock	https://www.decitre.fr/livres/bernard-la-fureur-de-vivre-9791032927670.html
Les ingénieurs du chaos	Giuliano Da Empoli	8,10 €	Neuf - En stock	https://www.decitre.fr/livres/les-ingenieurs-du-chaos-9782073019240.html
Atlas Six Tome 2Le paradoxe d'Atlas	Olivie Blake	18,95 €	Neuf - En stock	https://www.decitre.fr/livres/atlas-six-tome-2-le-paradoxe-d-atlas-9782749950259.html
Lyon, ville aux mille et un trésors	Serge Beysseriat, Stéphanie Beysseriat	7,00 €	Neuf - En stock	https://www.decitre.fr/livres/lyon-ville-aux-mille-et-un-tresors-5552491207031.html
Genèse. Le grand récit des origines	Guido Tonelli	9,90 €	Neuf - En stock	https://www.decitre.fr/livres/genese-9782100851799.html
Tu seras mon père	Metin Arditi	8,90 €	Neuf - En stock	https://www.decitre.fr/livres/tu-seras-mon-pere-9782757898321.html
Dictionnaire amoureux de l'espionnage	Vincent Jauvert	26,00 €	Neuf - En stock	https://www.decitre.fr/livres/dictionnaire-amoureux-de-l-espionnage-9782259315975.html
Journal d'une invasion	Andreï Kourkov	22,00 €	Neuf - Expédié sous 3 à 6 jours	https://www.decitre.fr/livres/journal-d-une-invasion-9782882508362.html
Pour te plaire	Noémie Dani	7,90 €	Neuf - Expédié sous 3 à 6 jours	https://www.decitre.fr/livres/pour-te-plaire-9782755663921.html
Les vies de Charlie Les vies de Charlie	Aurélie Guarino, Kid Toussaint	26,00 €	Neuf - En stock	https://www.decitre.fr/livres/les-vies-de-charlie-9791034761234.html
White Blood Tome 5	Lim Lina	14,95 €	Neuf - En stock	https://www.decitre.fr/livres/white-blood-tome-5-9782749950945.html
Il était une fois un coeur brisé	Stephanie Garber	18,90 €	Neuf - En stock	https://www.decitre.fr/livres/il-etait-une-fois-un-coeur-brise-9782378762674.html
Cahier de vacances du CM2 à la 6e Edition 2023	Bernard Séménadisse	4,95 €	Neuf - En stock	https://www.decitre.fr/livres/cahier-de-vacances-du-cm2-a-la-6e-9782210776708.html
40 énigmes avec Maestro du CP au CE1. Bienvenue au temps des pharaons !	Antoine Houlou-Garcia	6,95 €	Neuf - En stock	https://www.decitre.fr/livres/40-enigmes-avec-maestro-du-cp-au-ce1-9782369408390.html
Cendrillon est morte Edition collector	Kalynn Bayron	24,90 €	Neuf - En stock	https://www.decitre.fr/livres/cendrillon-est-morte-9782378762186.html
L'atelier bracelets. + de 35 bijoux en perles de rocaille et perles fantaisie	Sophie Valenza	6,00 €	Neuf - En stock	https://www.decitre.fr/livres/l-atelier-bracelets-5552501158865.html
Pasta	Julie Andrieu	19,90 €	Neuf - En stock	https://www.decitre.fr/livres/pasta-9782501175548.html
Manger sans s'empoisonner	Laurent Beaugerie, Margaux de Frouville	19,90 €	Neuf - En stock	https://www.decitre.fr/livres/manger-sans-s-empoisonner-9782080418333.html
Pâques. Avec plus de 250 autocollants	Fiona Watt, Non Figg	6,95 €	Neuf - En stock	https://www.decitre.fr/livres/paques-9781805313366.html
Aux douceurs enchantées Tome 2Dragées dragons	Aurélie Gerlach	7,90 €	Neuf - En stock	https://www.decitre.fr/livres/aux-douceurs-enchantees-tome-2-dragees-dragons-9782075175609.html
Petit précis de culture bullshit	Karim Duval	13,40 €	Neuf - En stock	https://www.decitre.fr/livres/petit-precis-de-culture-bullshit-9782321017264.html
Yuyu Hakusho Tome 8Star Edition	Yoshihiro Togashi	8,85 €	Neuf - En stock	https://www.decitre.fr/livres/yuyu-hakusho-tome-8-star-edition-9782505111276.html
40 énigmes avec Maestro du CE1 au CE2. Bienvenue au temps des romains !	Aurore Meyer	6,95 €	Neuf - En stock	https://www.decitre.fr/livres/40-enigmes-avec-maestro-du-ce1-au-ce2-9782369408406.html
The Runway Tome 1	Hirachell,  Nokdu	8,95 €	Neuf - En stock	https://www.decitre.fr/livres/the-runway-tome-1-9782492989292.html
Ce qu'elle a laissé derrière elle	Ellen Marie Wiseman	9,50 €	Neuf - En stock	https://www.decitre.fr/livres/ce-qu-elle-a-laisse-derriere-elle-9782266329699.html
Autopsie	Patricia Cornwell	9,40 €	Neuf - En stock	https://www.decitre.fr/livres/autopsie-9782253243915.html
Fleur de roche	Ilaria Tuti	23,00 €	Neuf - En stock	https://www.decitre.fr/livres/fleur-de-roche-9782234091351.html
40 énigmes avec Maestro du CM2 à la 6e. Bienvenue au temps de la Révolution française !	Antoine Houlou-Garcia	6,95 €	Neuf - En stock	https://www.decitre.fr/livres/40-enigmes-avec-maestro-du-cm2-a-la-6e-9782369408437.html
40 énigmes avec Maestro du CM1 au CM2. Bienvenue au temps des explorateurs !	Sophie Crépon	6,95 €	Neuf - En stock	https://www.decitre.fr/livres/40-enigmes-avec-maestro-du-cm1-au-cm2-9782369408420.html
40 énigmes avec Maestro du CE2 au CM1. Bienvenue au Moyen Age !	Valérie Cluzel	6,95 €	Neuf - En stock	https://www.decitre.fr/livres/40-enigmes-avec-maestro-du-ce2-au-cm1-9782369408413.html
A corps brisés	Ana Scott	7,90 €	Neuf - En stock	https://www.decitre.fr/livres/a-corps-brises-9782371265509.html
La génétique au coeur	Philippe Amouyel, Héloïse Chochois	22,00 €	Neuf - En stock	https://www.decitre.fr/livres/la-genetique-au-coeur-9782205089646.html
Les garçons qui brûlent	Eva Björg Aegisdottir	21,90 €	Neuf - En stock	https://www.decitre.fr/livres/les-garcons-qui-brulent-9791040114222.html
40 énigmes avec Maestro de la GS au CP. Bienvenue aux temps préhistoriques !	Antoine Houlou-Garcia	6,95 €	Neuf - En stock	https://www.decitre.fr/livres/40-enigmes-avec-maestro-de-la-gs-au-cp-9782369408536.html
Immigration : le grand déni	François Héran	13,50 €	Neuf - En stock	https://www.decitre.fr/livres/immigration-le-grand-deni-9782021531145.html
Trésor Tome 1La vague rouge	Jean-baptiste Saurel, Pauline de La Provôté	12,95 €	Neuf - En stock	https://www.decitre.fr/livres/tresor-tome-1-la-vague-rouge-9791034763016.html
Le royaume de Pierre d'Angle Tome 1L'art du naufrage	Pascale Quiviger	9,70 €	Neuf - En stock	https://www.decitre.fr/livres/le-royaume-de-pierre-d-angle-tome-1-l-art-du-naufrage-9782072999123.html
Dragon Quest - The Adventure of Daï Tome 6Le chevalier Dragon	Riku Sanjô, Koji Inada	12,50 €	Neuf - En stock	https://www.decitre.fr/livres/dragon-quest-the-adventure-of-dai-tome-6-le-chevalier-dragon-9782413044321.html
Romans. En un combat douteux ; Des souris et des hommes ; Les raisins de la colère ; A l'est d'Eden	John Steinbeck	66,00 €	Neuf - En stock	https://www.decitre.fr/livres/romans-9782072929786.html
La fiancée Tome 1	Kiera Cass	8,30 €	Neuf - En stock	https://www.decitre.fr/livres/la-fiancee-tome-1-9782266330220.html
Odile l'été	Emma Becker	20,00 €	Neuf - En stock	https://www.decitre.fr/livres/odile-l-ete-9782260055112.html
La Neuvième Tombe	Stefan Ahnhem	10,40 €	Neuf - En stock	https://www.decitre.fr/livres/la-neuvieme-tombe-9782253243786.html
Cendrillon est morte	Kalynn Bayron	18,90 €	Neuf - En stock	https://www.decitre.fr/livres/cendrillon-est-morte-9782378762179.html
Le club des anxieux qui se soignent. Comment combattre l'anxiété	Frédéric Fanget, Pauline Aubry, Catherine Meyer	20,00 €	Neuf - En stock	https://www.decitre.fr/livres/le-club-des-anxieux-qui-se-soignent-9791037508461.html
Désir noir	Anne-Sophie Jahn	20,00 €	Neuf - En stock	https://www.decitre.fr/livres/desir-noir-9782080283665.html
Pin-Pon !. Des sons à écouter, des images à regarder	Marion Billet	10,00 €	Neuf - En stock	https://www.decitre.fr/livres/pin-pon-des-sons-a-ecouter-des-images-a-regarder-9782075175173.html
Le temps de te dire adieu	Gaëlle Pietri	17,00 €	Neuf - Expédié sous 3 à 6 jours	https://www.decitre.fr/livres/le-temps-de-te-dire-adieu-9782246834830.html
Blue Box Tome 2	Kouji Miura	6,99 €	Neuf - En stock	https://www.decitre.fr/livres/blue-box-tome-2-9782413049036.html
Je vais sur le pot !. Mon tableau de propreté. Avec 280 gommettes autocollantes	Guido Van Genechten	9,90 €	Neuf - En stock	https://www.decitre.fr/livres/je-vais-sur-le-pot-mon-tableau-de-proprete-9782226481382.html
Frieren Tome 1Pack en 2 volumes. Avec le tome 2 offert	Kanehito Yamada, Tsukasa Abe	7,95 €	Neuf - En stock	https://www.decitre.fr/livres/frieren-tome-1-pack-en-2-volumes-9791032714140.html
Undead Unluck Tome 10	Yoshifumi Tozuka	6,95 €	Neuf - En stock	https://www.decitre.fr/livres/undead-unluck-tome-10-9782505116714.html
La nuit des pur-sang	Xavier de Moulins	20,00 €	Neuf - En stock	https://www.decitre.fr/livres/la-nuit-des-pur-sang-9782080298027.html
Le chant des déesses Tome 1Pénélope, reine d'Ithaque	Claire North	19,95 €	Neuf - En stock	https://www.decitre.fr/livres/le-chant-des-deesses-tome-1-penelope-reine-d-ithaque-9782381222400.html
Le Chat du bibliothécaire Tome 5Admiration funeste	Miranda James	14,90 €	Neuf - En stock	https://www.decitre.fr/livres/le-chat-du-bibliothecaire-tome-5-admiration-funeste-9782290378083.html
Sicile Edition 2023-2024	Le Routard	15,95 €	Neuf - En stock	https://www.decitre.fr/livres/sicile-9782017218388.html
Les enfants de la Résistance Tome 8Combattre ou mourir	Cécile Jugla, Benoît Ers, Vincent Dugomier	7,50 €	Neuf - En stock	https://www.decitre.fr/livres/les-enfants-de-la-resistance-tome-8-combattre-ou-mourir-9782700280692.html
The Cursebreakers Tome 1Un Sort si Noir et Eternel	Brigid Kemmerer	9,90 €	Neuf - En stock	https://www.decitre.fr/livres/the-cursebreakers-tome-1-un-sort-si-noir-et-eternel-9782017213581.html
Vamps. Fresh Blood	Nicole Arend	19,00 €	Neuf - En stock	https://www.decitre.fr/livres/vamps-9782221264645.html
Alyson Ford Tome 2Le dernier chamane	Joris Chamblain, Olivier Frasier	14,95 €	Neuf - En stock	https://www.decitre.fr/livres/alyson-ford-tome-2-le-dernier-chamane-9782749309569.html
X raisons de mourir	Stefan Ahnhem	22,90 €	Neuf - En stock	https://www.decitre.fr/livres/x-raisons-de-mourir-9782226471451.html
Après l'océan	Laurence Peyrin	8,60 €	Neuf - En stock	https://www.decitre.fr/livres/apres-l-ocean-9782266332224.html
Le héros du Louvre Tome 1La Joconde a le sourire	Elie Chouraqui	12,50 €	Neuf - En stock	https://www.decitre.fr/livres/le-heros-du-louvre-tome-1-la-joconde-a-le-sourire-9782344051313.html
Insomnia	Sarah Pinborough	21,90 €	Neuf - En stock	https://www.decitre.fr/livres/insomnia-9782709671415.html
Démocraties contre empires autoritaires. La liberté est un combat	Nicolas Baverez	21,00 €	Neuf - En stock	https://www.decitre.fr/livres/democraties-contre-empires-autoritaires-9791032926451.html
Histoires de moine et de robot Tome 2Une prière pour les cimes timides	Becky Chambers	13,50 €	Neuf - En stock	https://www.decitre.fr/livres/histoires-de-moine-et-de-robot-tome-2-une-priere-pour-les-cimes-timides-9791036001291.html
On ne dit jamais assez aux gens qu'on les aime	Jacques Weber	21,00 €	Neuf - En stock	https://www.decitre.fr/livres/on-ne-dit-jamais-assez-aux-gens-qu-on-les-aime-9791032923597.html
Tokyo Aliens Tome 3	Naoe	7,55 €	Neuf - Expédié sous 3 jours	https://www.decitre.fr/livres/tokyo-aliens-tome-3-9782505116028.html
Styx riders Tome 2La violence d'Aphrodite	Kalypso Caldin	8,90 €	Neuf - Expédié sous 3 à 6 jours	https://www.decitre.fr/livres/styx-riders-tome-2-la-violence-d-aphrodite-9782755664423.html
Cahier de vacances de la 6e à la 5e Edition 2023	Florence Randanne, Bruno Bénitah, Louise Eisenstein, Catherine Mazaud-Aujard	8,55 €	Neuf - En stock	https://www.decitre.fr/livres/cahier-de-vacances-de-la-6e-a-la-5e-9782210776739.html
Les dîners gourmands pour ma tribu	Jenny Gryffon	17,90 €	Neuf - En stock	https://www.decitre.fr/livres/les-diners-gourmands-pour-ma-tribu-9782501177221.html
Tomate, feta, huile d'olive & citron. 80 recettes méditerranéennes pour donner à vos assiettes un air d'été	Loulou kitchen	19,90 €	Neuf - En stock	https://www.decitre.fr/livres/tomate-feta-huile-d-olive-citron-9782501177177.html
L'île des souvenirs	Chrystel Duchamp	20,00 €	Neuf - En stock	https://www.decitre.fr/livres/l-ile-des-souvenirs-9782809846973.html
Par la force des arbres	Dominique Mermoux, Edouard Cortès	20,00 €	Neuf - Expédié sous 3 à 6 jours	https://www.decitre.fr/livres/par-la-force-des-arbres-9782810202324.html
Le restaurant des recettes oubliées	Hisashi Kashiwai	19,00 €	Neuf - En stock	https://www.decitre.fr/livres/le-restaurant-des-recettes-oubliees-9782493816160.html
Les derniers jours de Samuel Paty	Stéphane Simon, Alexis Kebbas	20,90 €	Neuf - En stock	https://www.decitre.fr/livres/les-derniers-jours-de-samuel-paty-9782259315999.html
Budget enveloppes	Larousse	19,90 €	Neuf - En stock	https://www.decitre.fr/livres/budget-enveloppes-9782036026391.html
Avatar, Le champ céleste Tome 1	Sherri L. Smith, Guilherme Balbi	14,95 €	Neuf - En stock	https://www.decitre.fr/livres/avatar-le-champ-celeste-tome-1-9782413021858.html
Six Versions Tome 2La tuerie McLeod	Matt Wesolowski	14,90 €	Neuf - En stock	https://www.decitre.fr/livres/six-versions-tome-2-la-tuerie-mcleod-9791037508270.html
Décadanse. De l'Homo oeconomicus à l'Homo eroticus	Patrick Buisson	24,90 €	Neuf - Expédié sous 3 à 6 jours	https://www.decitre.fr/livres/decadanse-9782226435194.html
Proies	Andrée A. Michaud	21,00 €	Neuf - Expédié sous 3 à 6 jours	https://www.decitre.fr/livres/proies-9782743659059.html
Les sans jours	Ludovic Vigogne	19,90 €	Neuf - En stock	https://www.decitre.fr/livres/les-sans-jours-9782382924518.html
50 discours qui ont marqué notre époque. De Jaurès à Angela Davis	Dunod	9,90 €	Neuf - En stock	https://www.decitre.fr/livres/50-discours-qui-ont-marque-notre-epoque-9782100846313.html
Free Queens	Marin Ledun	21,00 €	Neuf - En stock	https://www.decitre.fr/livres/free-queens-9782072946967.html
Au-delà des sommets	Kilian Jornet	8,90 €	Neuf - En stock	https://www.decitre.fr/livres/au-dela-des-sommets-9782080413987.html
Bien manger sans se ruiner !. 60 recettes gourmandes à petit prix	Marmiton	9,95 €	Neuf - En stock	https://www.decitre.fr/livres/bien-manger-sans-se-ruiner-60-recettes-gourmandes-a-petit-prix-9782749953441.html
Cardiologie	Simon Fitouchi, Loïc Faucher	15,00 €	Neuf - Expédié sous 3 jours	https://www.decitre.fr/livres/cardiologie-9782356402769.html
Au coeur du complot	Rudy Reichstadt	15,00 €	Neuf - En stock	https://www.decitre.fr/livres/au-coeur-du-complot-9782246823384.html
De la vérité dans les sciences édition revue et augmentée	Aurélien Barrau	7,90 €	Neuf - En stock	https://www.decitre.fr/livres/de-la-verite-dans-les-sciences-9782100848485.html
Le prof qui a sauvé sa vie	Florence Cestac, Albert Algoud	15,00 €	Neuf - En stock	https://www.decitre.fr/livres/le-prof-qui-a-sauve-sa-vie-9782205206197.html
Femlandia	Christina Dalcher	22,00 €	Neuf - En stock	https://www.decitre.fr/livres/femlandia-9782221269640.html
Entre nous le chaos	Ana Scott	18,60 €	Neuf - En stock	https://www.decitre.fr/livres/entre-nous-le-chaos-9782371265493.html
Chugakko Académie Tome 1La légende du dragon-ancêtre	Nancy Guilbert	12,90 €	Neuf - En stock	https://www.decitre.fr/livres/chugakko-academie-tome-1-la-legende-du-dragon-ancetre-9782278122639.html
Stratégie. Les 33 lois de la guerre Texte abrégé	Robert Greene	16,00 €	Neuf - En stock	https://www.decitre.fr/livres/strategie-9782379353314.html
L'aventure de petit poussin. + 300 gommettes repositionnables	Marta Sorte	5,95 €	Neuf - En stock	https://www.decitre.fr/livres/l-aventure-de-petit-poussin-9791039522786.html
Horimiya Tome 9	Daisuke Hagiwara,  HERO	7,20 €	Neuf - En stock	https://www.decitre.fr/livres/horimiya-tome-9-9782373496826.html
Violet Made of Thorns	Gina Chen	19,00 €	Neuf - En stock	https://www.decitre.fr/livres/violet-made-of-thorns-9782221266687.html
P'tit Loup P'Tit Loup fait du vélo	Orianne Lallemand, Eléonore Thuillier	5,95 €	Neuf - En stock	https://www.decitre.fr/livres/p-tit-loup-p-tit-loup-fait-du-velo-9791039506090.html
Les énigmes de Naruto du CE1 au CE2	François Lecellier	6,95 €	Neuf - En stock	https://www.decitre.fr/livres/les-enigmes-de-naruto-du-ce1-au-ce2-9782036042018.html
Pallas Tome 1Dans le ventre de Troie	Marine Carteron	16,90 €	Neuf - En stock	https://www.decitre.fr/livres/pallas-tome-1-dans-le-ventre-de-troie-9782812624414.html
Sarek	Ulf Kvensler	22,00 €	Neuf - En stock	https://www.decitre.fr/livres/sarek-9791040114260.html
Louve Noire	Juan Gómez-Jurado	22,90 €	Neuf - En stock	https://www.decitre.fr/livres/louve-noire-9782265155350.html
Médecine intensive	Matthieu Chivot	15,00 €	Neuf - En stock	https://www.decitre.fr/livres/medecine-intensive-9782356402837.html
Au royaume des cris	Mathieu Lecerf	8,60 €	Neuf - En stock	https://www.decitre.fr/livres/au-royaume-des-cris-9782266330442.html
Ernetti et le voyage interdit	Roland Portiche	9,20 €	Neuf - En stock	https://www.decitre.fr/livres/ernetti-et-le-voyage-interdit-9782253104070.html
Les défis cruciaux et les menaces immédiates vus par la CIA. Analyses, faits et chiffres	Central Intelligence Agency	18,00 €	Neuf - En stock	https://www.decitre.fr/livres/les-defis-cruciaux-et-les-menaces-immediates-vus-par-la-cia-9782382845127.html
L'attaque des titans - Before the fall Tome 2Colossal Edition	Satoshi Shiki, Ryô Suzukaze, Hajime Isayama	20,95 €	Neuf - En stock	https://www.decitre.fr/livres/l-attaque-des-titans-before-the-fall-tome-2-colossal-edition-9782811677848.html
Les Aventures de Tête de Fesses Tome 4Super Tête de Fesses est plus super que toi	Bertrand Santini	8,90 €	Neuf - En stock	https://www.decitre.fr/livres/les-aventures-de-tete-de-fesses-tome-4-super-tete-de-fesses-est-plus-super-que-toi-9782377318995.html
Dark Ascension Vilaines	Robin Benway	22,00 €	Neuf - En stock	https://www.decitre.fr/livres/dark-ascension-vilaines-9782376715511.html
L'étrange voyage de Clover Elkin	Eli Brown	16,90 €	Neuf - En stock	https://www.decitre.fr/livres/l-etrange-voyage-de-clover-elkin-9791036330377.html
Mathematica. Une aventure au coeur de nous-mêmes	David Bessis	9,90 €	Neuf - En stock	https://www.decitre.fr/livres/mathematica-9782757898536.html
Goblin Slayer : Year One Tome 9	Kumo Kagyu, Kento Sakaeda, Noboru Kannatuki, Shingo Adachi	7,95 €	Neuf - En stock	https://www.decitre.fr/livres/goblin-slayer-year-one-tome-9-9782380713015.html
City Hunter Rebirth Tome 11	Sokura Nishiki	7,95 €	Neuf - En stock	https://www.decitre.fr/livres/city-hunter-rebirth-tome-11-9791032713075.html
Riviera	Joann Sfar	24,90 €	Neuf - En stock	https://www.decitre.fr/livres/riviera-9782355849886.html
Boy's Abyss Tome 3	Ryo Minenami	12,90 €	Neuf - Expédié sous 3 jours	https://www.decitre.fr/livres/boy-s-abyss-tome-3-9782505113874.html
Les heures lointaines	Kate Morton	9,20 €	Neuf - En stock	https://www.decitre.fr/livres/les-heures-lointaines-9782290390771.html
Cancérologie	Thomas Finotto, Urbain Tauveron-Jalenques	18,50 €	Neuf - En stock	https://www.decitre.fr/livres/cancerologie-9782340077157.html
Les amants sacrifiés Tome 2	Masasumi Kakizaki	9,95 €	Neuf - En stock	https://www.decitre.fr/livres/les-amants-sacrifies-tome-2-9791032713112.html
Mission: Yozakura family Tome 13Dans l'ancien manoir des Yozakura	Hitsuji Gondaira	6,95 €	Neuf - Expédié sous 3 jours	https://www.decitre.fr/livres/mission-yozakura-family-tome-13-dans-l-ancien-manoir-des-yozakura-9782505116455.html
Néphrologie	Joseph Le Moulec	18,50 €	Neuf - En stock	https://www.decitre.fr/livres/nephrologie-9782340077171.html
Plaidoyer pour le vivant. Plaidoyer pour l'altruisme ; Plaidoyer pour les animaux	Matthieu Ricard	32,00 €	Neuf - En stock	https://www.decitre.fr/livres/plaidoyer-pour-le-vivant-9782382922514.html
Un pas après l'autre	Fanny Myjany	7,90 €	Neuf - En stock	https://www.decitre.fr/livres/un-pas-apres-l-autre-9782755667295.html
Loki, 11 ans, Dieu (presque) parfait Tome 1Mortelle punition	Louie Stowell	16,50 €	Neuf - En stock	https://www.decitre.fr/livres/loki-11-ans-dieu-presque-parfait-tome-1-mortelle-punition-9782075170390.html
Big Bang et au-delà	Aurélien Barrau	7,90 €	Neuf - En stock	https://www.decitre.fr/livres/big-bang-et-au-dela-9782100852154.html
Maman et sportive. Préserver son corps et retrouver la forme après bébé	Clarisse Agbégnénou, Bernadette de Gasquet	19,90 €	Neuf - En stock	https://www.decitre.fr/livres/maman-et-sportive-9782501176149.html
Poltron Minet Tome 1La voie romane	Mayen,  Madd	12,95 €	Neuf - En stock	https://www.decitre.fr/livres/poltron-minet-tome-1-la-voie-romane-9791034747412.html
Une exécution	Danya Kukafka	24,00 €	Neuf - En stock	https://www.decitre.fr/livres/une-execution-9782283037041.html
A demain	Elsa Wolinski	19,00 €	Neuf - En stock	https://www.decitre.fr/livres/a-demain-9782080265753.html
Pokémon. Jeux et cherche-et-trouve Pikachu et ses amis de Galar	Fabien Molina	7,95 €	Neuf - En stock	https://www.decitre.fr/livres/pokemon-9782821216273.html
Pâques	Sam Taplin, Jo Rooks	9,95 €	Neuf - Expédié sous 3 à 6 jours	https://www.decitre.fr/livres/paques-9781801316705.html
Shut Hell Tome 2	Yu Ito	7,29 €	Neuf - En stock	https://www.decitre.fr/livres/shut-hell-tome-2-9791039112918.html
Béa Wolf	Zach Weinersmith,  Boulet	21,90 €	Neuf - En stock	https://www.decitre.fr/livres/bea-wolf-9782226479235.html
La cuisine des Sorciers Tome 4	Kamome Shirahama	7,70 €	Neuf - En stock	https://www.decitre.fr/livres/la-cuisine-des-sorciers-tome-4-9782811677435.html
Médecine interne	Rayan Selmani	18,50 €	Neuf - En stock	https://www.decitre.fr/livres/medecine-interne-9782340077164.html
Play it Cool, Guys Tome 1Play it Cool, Guys	Kokone Nata	9,90 €	Neuf - En stock	https://www.decitre.fr/livres/play-it-cool-guys-tome-1-play-it-cool-guys-9782818999172.html
Mission ventre plat. La méthode microbiotique, nutritionnelle et sportive	William Berrebi	19,90 €	Neuf - En stock	https://www.decitre.fr/livres/mission-ventre-plat-9782501176088.html
Nées Rebelles. Jeunes filles au poing levé	Vittoria Macioci,  Gijé, Fabien Morin	21,50 €	Neuf - En stock	https://www.decitre.fr/livres/nees-rebelles-9782493184986.html
Des univers multiples	Aurélien Barrau	7,90 €	Neuf - En stock	https://www.decitre.fr/livres/des-univers-multiples-9782100852161.html
Brèves rencontres	François Sureau, Nathacha Appanah, Monica Sabolo, Hervé Le Tellier, François-Henri Désérable	19,50 €	Neuf - En stock	https://www.decitre.fr/livres/breves-rencontres-9782073016539.html
Donjon Zénith Tome 10Formule incantatoire	Joann Sfar, Lewis Trondheim,  Boulet	11,95 €	Neuf - En stock	https://www.decitre.fr/livres/donjon-zenith-tome-10-formule-incantatoire-9782413047124.html
La rivière	Peter Heller	9,40 €	Neuf - En stock	https://www.decitre.fr/livres/la-riviere-9782330176402.html
Les meurtres zen Tome 2Des meurtres pour lâcher prise	Karsten Dusse	19,90 €	Neuf - En stock	https://www.decitre.fr/livres/les-meurtres-zen-tome-2-des-meurtres-pour-lacher-prise-9782749172514.html
Bosse ou crève ! Tome 1	Atsushi Kamakura, Akira Rei	8,00 €	Neuf - En stock	https://www.decitre.fr/livres/bosse-ou-creve-tome-1-9782380600384.html
Avant de sombrer	Cyril Carrère	20,00 €	Neuf - En stock	https://www.decitre.fr/livres/avant-de-sombrer-9782207176252.html
France 2050. RCP8.5 Le scénario noir du climat	Marc Lomazzi	24,90 €	Neuf - En stock	https://www.decitre.fr/livres/france-2050-9782226478887.html
Vingt ans et des poussières	Didier Van Cauwelaert	7,90 €	Neuf - En stock	https://www.decitre.fr/livres/vingt-ans-et-des-poussieres-9782757897171.html
Le décodeur de la manipulation. Comprendre les ressorts de la manipulation	Yves-Alexandre Thalmann	3,50 €	Neuf - En stock	https://www.decitre.fr/livres/le-decodeur-de-la-manipulation-9782412087329.html
Un air d'éternité	Clarisse Sabard	19,90 €	Neuf - Expédié sous 3 à 6 jours	https://www.decitre.fr/livres/un-air-d-eternite-9782368129548.html
Crète + Randonnées Edition 2023-2024	Le Routard	16,95 €	Neuf - Expédié sous 3 à 6 jours	https://www.decitre.fr/livres/crete-randonnees-9782017218326.html
Les influenceuses Les #4mies en vacances !	Anouk Filippini, Lorena Calderon	11,95 €	Neuf - En stock	https://www.decitre.fr/livres/les-influenceuses-les-4mies-en-vacances-9791039522946.html
Les gamines de Paris Amélie	Anne-Marie Desplat-Duc, Sophie Noël	12,90 €	Neuf - En stock	https://www.decitre.fr/revues/les-gamines-de-paris-amelie-9791036345067.html
Evol Tome 1	Atsushi Kaneko	19,99 €	Neuf - En stock	https://www.decitre.fr/livres/evol-tome-1-9782413048176.html
Les enquêtes de Miss Merkel Meurtre d'un baron allemand	David Safier	8,30 €	Neuf - En stock	https://www.decitre.fr/livres/les-enquetes-de-miss-merkel-meurtre-d-un-baron-allemand-9782824637594.html
Batman One Bad Day Tome 1Le Sphinx	Tom King, Mitch Gerads	15,00 €	Neuf - En stock	https://www.decitre.fr/livres/batman-one-bad-day-tome-1-le-sphinx-9791026821397.html
Le papillon de verre	Katrine Engberg	9,20 €	Neuf - En stock	https://www.decitre.fr/livres/le-papillon-de-verre-9782266332118.html
Le pourquoi du comment. Mieux vivre grâce à l'Histoire	Gérard Noiriel	19,95 €	Neuf - En stock	https://www.decitre.fr/livres/le-pourquoi-du-comment-9782749953434.html
Hitomoji Tome 1	Motorô Mase	8,29 €	Neuf - En stock	https://www.decitre.fr/livres/hitomoji-tome-1-9782820346025.html
Terra Nullius	Victor Guilbert	8,50 €	Neuf - En stock	https://www.decitre.fr/livres/terra-nullius-9782290381311.html
Mystic Flown Tome 1Le Maître des arcanes	Dana B. Chalys	21,50 €	Neuf - En stock	https://www.decitre.fr/livres/mystic-flown-tome-1-le-maitre-des-arcanes-9782383491699.html
Ron Kamonohashi : Deranged Detective Tome 1	Akira Amano	7,95 €	Neuf - En stock	https://www.decitre.fr/livres/ron-kamonohashi-deranged-detective-tome-1-9782382812013.html
Cynthia	Stéphanie Des Horts	20,90 €	Neuf - En stock	https://www.decitre.fr/livres/cynthia-9782226477477.html
Crénom, Baudelaire ! Tome 1Jeanne	Dominique Gelli, Tino Gelli	24,90 €	Neuf - En stock	https://www.decitre.fr/livres/crenom-baudelaire-tome-1-jeanne-9782754832106.html
S.I.N. Tome 1Last Resort	K. Bromberg	17,00 €	Neuf - En stock	https://www.decitre.fr/livres/s-i-n-9782755663518.html
Où est bébé lapin ?	Ingela P. Arrhenius	8,95 €	Neuf - En stock	https://www.decitre.fr/livres/ou-est-bebe-lapin-9782324032301.html
La beauté dure toujours	Alexis Jenni	8,70 €	Neuf - En stock	https://www.decitre.fr/livres/la-beaute-dure-toujours-9782073002662.html
Le Tout Petit Lapin	Gillian Shields, Polona Lovsin	12,95 €	Neuf - En stock	https://www.decitre.fr/livres/le-tout-petit-lapin-9782384530236.html
Le revers de nos médailles. Des clubs au haut niveau, en finir avec la violence dans le sport	Patrick Roux	18,90 €	Neuf - Expédié sous 3 jours	https://www.decitre.fr/livres/le-revers-de-nos-medailles-9782100839674.html
Dagfrid Le mal du pays	Agnès Mathieu-Daudé, Olivier Tallec	7,00 €	Neuf - Expédié sous 3 à 6 jours	https://www.decitre.fr/livres/dagfrid-le-mal-du-pays-9782211324182.html
Dictionnaire de la guerre d'Algérie	Tramor Quemeneur, Ouanassa Siari Tengour, Sylvie Thénault	34,00 €	Neuf - En stock	https://www.decitre.fr/livres/dictionnaire-de-la-guerre-d-algerie-9782382923061.html
Hollywood s'en va en guerre	Olivier Barde-Cabuçon	21,00 €	Neuf - En stock	https://www.decitre.fr/livres/hollywood-s-en-va-en-guerre-9782072960925.html
Black Widow. Des liens indéfectibles	Kelly Thompson, Elena Casagrande	6,99 €	Neuf - En stock	https://www.decitre.fr/livres/black-widow-9791039115360.html
Une enquête berlinoise Tome 1Le poisson mouillé	Volker Kutscher	12,90 €	Neuf - Expédié sous 3 jours	https://www.decitre.fr/livres/une-enquete-berlinoise-tome-1-le-poisson-mouille-9782380943740.html
La saison des débutantes Tome 1Felicity l'intrépide	M-C Beaton	14,90 €	Neuf - En stock	https://www.decitre.fr/livres/la-saison-des-debutantes-tome-1-felicity-l-intrepide-9782226468529.html
L'immeuble de la rue Cavendish Tome 1Les manigances de Margaux	Caroline Kant	7,70 €	Neuf - En stock	https://www.decitre.fr/livres/l-immeuble-de-la-rue-cavendish-tome-1-les-manigances-de-margaux-9782266330428.html
Arrête de me chauffer, Nagatoro Tome 6Avec 12 illustrations couleurs inédites, 2 magnets Nagatoro et 1 carte Nagatoro exclusive -  -  Edition de luxe	Nanashi	13,90 €	Neuf - En stock	https://www.decitre.fr/livres/arrete-de-me-chauffer-nagatoro-tome-6-9782383162117.html
Trois jours et deux nuits avec un chat	Kiyoshi Shigematsu	22,00 €	Neuf - En stock	https://www.decitre.fr/livres/trois-jours-et-deux-nuits-avec-un-chat-9782809716313.html
L'homme qui ressemblait au Christ	Roland Portiche	21,90 €	Neuf - En stock	https://www.decitre.fr/livres/l-homme-qui-ressemblait-au-christ-9782226482945.html
Et si ?	Chris Haughton	9,90 €	Neuf - En stock	https://www.decitre.fr/livres/et-si-9791035205966.html
Scarlett	François-Guillaume Lorrain	8,20 €	Neuf - En stock	https://www.decitre.fr/livres/scarlett-9782290376911.html
Shut Hell Tome 1	Yu Ito	7,29 €	Neuf - En stock	https://www.decitre.fr/livres/shut-hell-tome-1-9791039112901.html
La maison préservée	Willem Frederik Hermans	12,50 €	Neuf - En stock	https://www.decitre.fr/livres/la-maison-preservee-9782072880513.html
Les Trois Mousquetaires. D'Artagnan	Christine Féret-Fleury, Alexandre Dumas	14,00 €	Neuf - En stock	https://www.decitre.fr/livres/les-trois-mousquetaires-9782080416490.html
Lancelot Tome 1Le Chevalier de la charrette	Luc Ferry, Clotilde Bruneau, Carlos Rafael Duarte	14,95 €	Neuf - En stock	https://www.decitre.fr/livres/lancelot-tome-1-le-chevalier-de-la-charrette-9782344048849.html
50 ans dans l'oeil de Libé	Lionel Charrier, Charlotte Rotman	39,90 €	Neuf - En stock	https://www.decitre.fr/livres/50-ans-dans-l-oeil-de-libe-9782021510652.html
Nyaight of the Living Cat Tome 1	Hawkman,  Mecha-Roots	8,20 €	Neuf - En stock	https://www.decitre.fr/livres/nyaight-of-the-living-cat-tome-1-9782382812037.html
La peste sur vos deux familles. Un roman au coeur de la mafia russe	Robert Littell	8,50 €	Neuf - En stock	https://www.decitre.fr/livres/la-peste-sur-vos-deux-familles-9782290381274.html
Jusqu'à la chute. Mémoires du majordome d'Hitler	Heinz Linge	22,00 €	Neuf - En stock	https://www.decitre.fr/livres/jusqu-a-la-chute-9782262096199.html
Quelle quiche !. 60 recettes de quiches et de tartes salées et sucrées	Marmiton	9,95 €	Neuf - En stock	https://www.decitre.fr/livres/quelle-quiche-60-recettes-de-quiches-et-de-tartes-salees-et-sucrees-9782749953458.html
Cherche & trouve de Pâques Augustin	Pascal Brissy, Léa Fabre	12,95 €	Neuf - En stock	https://www.decitre.fr/livres/cherche-trouve-de-paques-augustin-9791039523370.html
